Model year,Make,Model,Vehicle class,Motor (kW),Transmission,Fuel type,City (kWh/100 km),Highway (kWh/100 km),Combined (kWh/100 km),City (Le/100 km),Highway (Le/100 km),Combined (Le/100 km),Range (km),CO2 emissions (g/km),CO2 rating ,Smog rating,Recharge time (h)
2012,Mitsubishi,i-MiEV,Subcompact,49,A1,B,16.9,21.4,18.7,1.9,2.4,2.1,100,0,n/a,n/a,7
2012,Nissan,LEAF,Mid-size,80,A1,B,19.3,23,21.1,2.2,2.6,2.4,117,0,n/a,n/a,7
2013,Ford,Focus Electric,Compact,107,A1,B,19,21.1,20,2.1,2.4,2.2,122,0,n/a,n/a,4
2013,Mitsubishi,i-MiEV,Subcompact,49,A1,B,16.9,21.4,18.7,1.9,2.4,2.1,100,0,n/a,n/a,7
2013,Nissan,LEAF,Mid-size,80,A1,B,19.3,23,21.1,2.2,2.6,2.4,117,0,n/a,n/a,7
2013,smart,fortwo electric drive cabriolet,Two-seater,35,A1,B,17.2,22.5,19.6,1.9,2.5,2.2,109,0,n/a,n/a,8
2013,smart,fortwo electric drive coupe,Two-seater,35,A1,B,17.2,22.5,19.6,1.9,2.5,2.2,109,0,n/a,n/a,8
2013,Tesla,Model S (40 kWh),Full-size,225,A1,B,22.4,21.9,22.2,2.5,2.5,2.5,224,0,n/a,n/a,6
2013,Tesla,Model S (60 kWh),Full-size,225,A1,B,22.2,21.7,21.9,2.5,2.4,2.5,335,0,n/a,n/a,10
2013,Tesla,Model S (85 kWh),Full-size,270,A1,B,23.8,23.2,23.6,2.7,2.6,2.6,426,0,n/a,n/a,12
2013,Tesla,Model S Performance,Full-size,310,A1,B,23.9,23.2,23.6,2.7,2.6,2.6,426,0,n/a,n/a,12
2014,Chevrolet,Spark EV,Subcompact,104,A1,B,16,19.6,17.8,1.8,2.2,2,131,0,n/a,n/a,7
2014,Ford,Focus Electric,Compact,107,A1,B,19,21.1,20,2.1,2.4,2.2,122,0,n/a,n/a,4
2014,Mitsubishi,i-MiEV,Subcompact,49,A1,B,16.9,21.4,18.7,1.9,2.4,2.1,100,0,n/a,n/a,7
2014,Nissan,LEAF,Mid-size,80,A1,B,16.5,20.8,18.4,1.9,2.3,2.1,135,0,n/a,n/a,5
2014,smart,fortwo electric drive cabriolet,Two-seater,35,A1,B,17.2,22.5,19.6,1.9,2.5,2.2,109,0,n/a,n/a,8
2014,smart,fortwo electric drive coupe,Two-seater,35,A1,B,17.2,22.5,19.6,1.9,2.5,2.2,109,0,n/a,n/a,8
2014,Tesla,Model S (60 kWh),Full-size,225,A1,B,22.2,21.7,21.9,2.5,2.4,2.5,335,0,n/a,n/a,10
2014,Tesla,Model S (85 kWh),Full-size,270,A1,B,23.8,23.2,23.6,2.7,2.6,2.6,426,0,n/a,n/a,12
2014,Tesla,Model S Performance,Full-size,310,A1,B,23.9,23.2,23.6,2.7,2.6,2.6,426,0,n/a,n/a,12
2015,BMW,i3,Subcompact,125,A1,B,15.2,18.8,16.8,1.7,2.1,1.9,130,0,n/a,n/a,4
2015,Chevrolet,Spark EV,Subcompact,104,A1,B,16,19.6,17.8,1.8,2.2,2,131,0,n/a,n/a,7
2015,Ford,Focus Electric,Compact,107,A1,B,19,21.1,20,2.1,2.4,2.2,122,0,n/a,n/a,4
2015,Kia,Soul EV,Station wagon: Small,81,A1,B,17.5,22.7,19.9,2,2.6,2.2,149,0,n/a,n/a,4
2015,Mitsubishi,i-MiEV,Subcompact,49,A1,B,16.9,21.4,18.7,1.9,2.4,2.1,100,0,n/a,n/a,7
2015,Nissan,LEAF,Mid-size,80,A1,B,16.5,20.8,18.4,1.9,2.3,2.1,135,0,n/a,n/a,5
2015,smart,fortwo electric drive cabriolet,Two-seater,35,A1,B,17.2,22.5,19.6,1.9,2.5,2.2,109,0,n/a,n/a,8
2015,smart,fortwo electric drive coupe,Two-seater,35,A1,B,17.2,22.5,19.6,1.9,2.5,2.2,109,0,n/a,n/a,8
2015,Tesla,Model S (60 kWh),Full-size,285,A1,B,22.2,21.7,21.9,2.5,2.4,2.5,335,0,n/a,n/a,10
2015,Tesla,Model S (70 kWh),Full-size,285,A1,B,23.8,23.2,23.6,2.7,2.6,2.6,377,0,n/a,n/a,12
2015,Tesla,Model S (85/90 kWh),Full-size,285,A1,B,23.8,23.2,23.6,2.7,2.6,2.6,426,0,n/a,n/a,12
2015,Tesla,Model S 70D,Full-size,280,A1,B,20.8,20.6,20.7,2.3,2.3,2.3,386,0,n/a,n/a,12
2015,Tesla,Model S 85D/90D,Full-size,280,A1,B,22,19.8,21,2.5,2.2,2.4,435,0,n/a,n/a,12
2015,Tesla,Model S P85D/P90D,Full-size,515,A1,B,23.4,21.5,22.5,2.6,2.4,2.5,407,0,n/a,n/a,12
2016,BMW,i3,Subcompact,125,A1,B,15.2,18.8,16.8,1.7,2.1,1.9,130,0,n/a,n/a,4
2016,Chevrolet,Spark EV,Subcompact,104,A1,B,16,19.6,17.8,1.8,2.2,2,131,0,n/a,n/a,7
2016,Ford,Focus Electric,Compact,107,A1,B,19,21.1,20,2.1,2.4,2.2,122,0,n/a,n/a,4
2016,Kia,Soul EV,Station wagon: Small,81,A1,B,17.5,22.7,19.9,2,2.6,2.2,149,0,n/a,n/a,4
2016,Mitsubishi,i-MiEV,Subcompact,49,A1,B,16.9,21.4,18.7,1.9,2.4,2.1,100,0,n/a,n/a,7
2016,Nissan,LEAF (24 kWh),Mid-size,80,A1,B,16.5,20.8,18.4,1.9,2.3,2.1,135,0,n/a,n/a,5
2016,Nissan,LEAF (30 kWh),Mid-size,80,A1,B,17,20.7,18.6,1.9,2.3,2.1,172,0,n/a,n/a,6
2016,smart,fortwo electric drive cabriolet,Two-seater,35,A1,B,17.2,22.5,19.6,1.9,2.5,2.2,109,0,n/a,n/a,8
2016,smart,fortwo electric drive coupe,Two-seater,35,A1,B,17.2,22.5,19.6,1.9,2.5,2.2,109,0,n/a,n/a,8
2016,Tesla,Model S (60 kWh pre- 6/16),Full-size,285,A1,B,22.2,21.7,21.9,2.5,2.4,2.5,335,0,n/a,n/a,10
2016,Tesla,Model S (60 kWh),Full-size,285,A1,B,21.5,20.7,21.1,2.4,2.3,2.4,338,0,n/a,n/a,10
2016,Tesla,Model S (70 kWh),Full-size,285,A1,B,23.8,23.2,23.6,2.7,2.6,2.6,377,0,n/a,n/a,12
2016,Tesla,Model S (75 kWh),Full-size,285,A1,B,21.5,21,21.3,2.4,2.4,2.4,401,0,n/a,n/a,12
2016,Tesla,Model S (85/90 kWh),Full-size,285,A1,B,23.8,23.2,23.6,2.7,2.6,2.6,426,0,n/a,n/a,12
2016,Tesla,Model S 60D,Full-size,386,A1,B,20.6,19.6,20.2,2.3,2.2,2.3,351,0,n/a,n/a,10
2016,Tesla,Model S 70D,Full-size,386,A1,B,20.8,20.6,20.7,2.3,2.3,2.3,386,0,n/a,n/a,12
2016,Tesla,Model S 75D,Full-size,386,A1,B,20.6,19.9,20.3,2.3,2.2,2.3,417,0,n/a,n/a,12
2016,Tesla,Model S 85D/90D,Full-size,386,A1,B,22,19.8,21,2.5,2.2,2.4,435,0,n/a,n/a,12
2016,Tesla,Model S 90D (Refresh),Full-size,386,A1,B,20.8,19.7,20.3,2.3,2.2,2.3,473,0,n/a,n/a,12
2016,Tesla,Model S P85D/P90D,Full-size,568,A1,B,23.4,21.5,22.5,2.6,2.4,2.5,407,0,n/a,n/a,12
2016,Tesla,Model S P90D (Refresh),Full-size,568,A1,B,22.9,21,22.1,2.6,2.4,2.5,435,0,n/a,n/a,12
2016,Tesla,Model S P100D,Full-size,568,A1,B,22.6,20,21.5,2.5,2.3,2.4,507,0,n/a,n/a,12
2016,Tesla ,Model X 60D,Sport utility vehicle: Standard,386,A1,B,23,22.2,22.6,2.6,2.5,2.5,322,0,n/a,n/a,10
2016,Tesla,Model X 75D,Sport utility vehicle: Standard,386,A1,B,23,21.9,22.5,2.6,2.5,2.5,383,0,n/a,n/a,12
2016,Tesla,Model X 90D,Sport utility vehicle: Standard,386,A1,B,23.2,22.2,22.7,2.6,2.5,2.6,414,0,n/a,n/a,12
2016,Tesla,Model X P90D,Sport utility vehicle: Standard,568,A1,B,23.6,23.3,23.5,2.7,2.6,2.6,402,0,n/a,n/a,12
2016,Tesla,Model X P100D,Sport utility vehicle: Standard,568,A1,B,25.7,22.9,24.4,2.9,2.6,2.7,465,0,n/a,n/a,12
2017,BMW,i3 (60 Ah),Subcompact,125,A1,B,15.2,18.8,16.8,1.7,2.1,1.9,130,0,n/a,n/a,4
2017,BMW,i3 (94 Ah),Subcompact,125,A1,B,16.2,19.7,17.8,1.8,2.2,2,183,0,n/a,n/a,5
2017,Chevrolet,Bolt EV,Station wagon: Small,150,A1,B,16.4,19,17.6,1.8,2.1,2,383,0,n/a,n/a,9.3
2017,Ford,Focus Electric,Compact,107,A1,B,17.7,21.8,19.6,2,2.5,2.2,185,0,n/a,n/a,5.5
2017,Hyundai,IONIQ Electric,Mid-size,88,A1,B,13.7,17.4,15.5,1.6,1.9,1.7,200,0,n/a,n/a,4
2017,Kia,Soul EV,Station wagon: Small,81,A1,B,17.4,23,19.9,2,2.6,2.2,150,0,n/a,n/a,4
2017,Mitsubishi,i-MiEV,Subcompact,49,A1,B,16.9,20.5,18.7,1.9,2.3,2.1,100,0,n/a,n/a,7
2017,Nissan,LEAF,Mid-size,80,A1,B,17,20.7,18.6,1.9,2.3,2.1,172,0,n/a,n/a,6
2017,Tesla,Model S (60 kWh),Full-size,285,A1,B,21.5,20.7,21.1,2.4,2.3,2.4,338,0,n/a,n/a,10
2017,Tesla,Model S (75 kWh),Full-size,285,A1,B,21.5,21,21.3,2.4,2.4,2.4,401,0,n/a,n/a,12
2017,Tesla,Model S 60D,Full-size,386,A1,B,20.6,19.6,20.2,2.3,2.2,2.3,351,0,n/a,n/a,10
2017,Tesla,Model S 75D,Full-size,386,A1,B,20.6,19.9,20.3,2.3,2.2,2.3,417,0,n/a,n/a,12
2017,Tesla,Model S 90D,Full-size,386,A1,B,20.6,19.7,20.2,2.3,2.2,2.3,473,0,n/a,n/a,12
2017,Tesla,Model S 100D,Full-size,386,A1,B,20.7,20.5,20.6,2.3,2.3,2.3,539,0,n/a,n/a,12
2017,Tesla,Model S P90D,Full-size,568,A1,B,22.8,20.9,22,2.6,2.3,2.5,435,0,n/a,n/a,12
2017,Tesla ,Model S P100D,Full-size,568,A1,B,22.6,20,21.5,2.5,2.3,2.4,507,0,n/a,n/a,12
2017,Tesla ,Model X 60D,Sport utility vehicle: Standard,386,A1,B,23,22.2,22.6,2.6,2.5,2.5,322,0,n/a,n/a,10
2017,Tesla ,Model X 75D,Sport utility vehicle: Standard,386,A1,B,23,21.9,22.5,2.6,2.5,2.5,383,0,n/a,n/a,12
2017,Tesla ,Model X 90D,Sport utility vehicle: Standard,386,A1,B,23.2,22.2,22.7,2.6,2.5,2.6,414,0,n/a,n/a,12
2017,Tesla ,Model X 100D,Sport utility vehicle: Standard,386,A1,B,24.3,23.7,24,2.7,2.7,2.7,475,0,n/a,n/a,12
2017,Tesla ,Model X P90D,Sport utility vehicle: Standard,568,A1,B,23.6,23.3,23.5,2.7,2.6,2.6,402,0,n/a,n/a,12
2017,Tesla ,Model X P100D,Sport utility vehicle: Standard,568,A1,B,25.7,22.9,24.4,2.9,2.6,2.7,465,0,n/a,n/a,12
2017,Volkswagen,e-Golf,Compact,100,A1,B,16.8,18.6,17.4,1.9,2.1,2,201,0,n/a,n/a,5.3
2018,BMW,i3,Subcompact,125,A1,B,16.2,19.7,17.8,1.8,2.2,2,183,0,n/a,n/a,5
2018,BMW,i3s,Subcompact,135,A1,B,17.1,21.1,18.9,1.9,2.4,2.1,172,0,n/a,n/a,5
2018,Chevrolet,Bolt EV,Station wagon: Small,150,A1,B,16.4,19,17.6,1.8,2.1,2,383,0,n/a,n/a,9.3
2018,Ford,Focus Electric,Compact,107,A1,B,17.7,21.8,19.6,2,2.5,2.2,185,0,n/a,n/a,5.5
2018,Hyundai,IONIQ Electric,Mid-size,88,A1,B,13.7,17.4,15.5,1.6,1.9,1.7,200,0,n/a,n/a,4
2018,Kia,Soul EV,Station wagon: Small,81,A1,B,16.8,22.4,19.3,1.9,2.5,2.2,179,0,n/a,n/a,5
2018,Nissan,LEAF,Mid-size,110,A1,B,16.9,21.1,18.8,1.9,2.4,2.1,242,0,n/a,n/a,8
2018,smart,fortwo electric drive cabriolet,Two-seater,60,A1,B,18.7,23.1,20.7,2.1,2.6,2.3,92,0,n/a,n/a,3
2018,smart,fortwo electric drive coupe,Two-seater,60,A1,B,16.9,22.3,19.3,1.9,2.5,2.2,93,0,n/a,n/a,3
2018,Tesla,Model 3 Mid Range,Mid-size,202,A1,B,16.4,17.9,17.1,1.8,2,1.9,418,0,n/a,n/a,10
2018,Tesla,Model 3 Long Range,Mid-size,202,A1,B,15.3,17,16.1,1.7,1.9,1.8,499,0,n/a,n/a,10
2018,Tesla,Model 3 Long Range AWD,Mid-size,335,A1,B,17.4,18.7,18,2,2.1,2,499,0,n/a,n/a,10
2018,Tesla,Model 3 Long Range AWD Performance,Mid-size,358,A1,B,17.4,18.7,18,2,2.1,2,499,0,n/a,n/a,10
2018,Tesla,Model S (75 kWh),Full-size,285,A1,B,21.5,21,21.3,2.4,2.4,2.4,401,0,n/a,n/a,12
2018,Tesla,Model S 75D,Full-size,386,A1,B,20.6,19.9,20.3,2.3,2.2,2.3,417,0,n/a,n/a,12
2018,Tesla,Model S 100D,Full-size,386,A1,B,20.7,20.5,20.6,2.3,2.3,2.3,539,0,n/a,n/a,12
2018,Tesla,Model S P100D,Full-size,568,A1,B,22.6,20,21.5,2.5,2.3,2.4,507,0,n/a,n/a,12
2018,Tesla,Model X 75D,Sport utility vehicle: Standard,386,A1,B,23,21.9,22.5,2.6,2.5,2.5,383,0,n/a,n/a,12
2018,Tesla,Model X 100D,Sport utility vehicle: Standard,386,A1,B,24.3,23.7,24,2.7,2.7,2.7,475,0,n/a,n/a,12
2018,Tesla,Model X P100D,Sport utility vehicle: Standard,568,A1,B,25.4,23.6,24.6,2.8,2.7,2.8,465,0,n/a,n/a,12
2018,Volkswagen,e-Golf,Compact,100,A1,B,16.8,18.6,17.4,1.9,2.1,2,201,0,n/a,n/a,5.3
2019,Audi,e-tron 55 quattro,Sport utility vehicle: Standard,300,A1,B,28,28.5,28.3,3.2,3.2,3.2,329,0,n/a,n/a,10
2019,BMW,i3 (120 Ah),Subcompact,125,A1,B,16.8,20.6,18.5,1.9,2.3,2.1,246,0,n/a,n/a,7
2019,BMW,i3s (120 Ah),Subcompact,135,A1,B,16.8,20.6,18.5,1.9,2.3,2.1,246,0,n/a,n/a,7
2019,Chevrolet,Bolt EV,Station wagon: Small,150,A1,B,16.4,19,17.6,1.8,2.1,2,383,0,n/a,n/a,9.3
2019,Hyundai,IONIQ Electric,Mid-size,88,A1,B,13.7,17.4,15.5,1.6,1.9,1.7,200,0,n/a,n/a,4
2019,Hyundai,Kona Electric,Sport utility vehicle: Small,150,A1,B,16.2,19.3,17.4,1.8,2.2,2,415,0,n/a,n/a,9
2019,Jaguar,I-PACE,Sport utility vehicle: Small,294,A1,B,26.2,29.1,27.5,2.9,3.3,3.1,377,0,n/a,n/a,13
2019,Kia,Niro EV,Station wagon: Small,150,A1,B,17,20.6,18.6,1.9,2.3,2.1,385,0,n/a,n/a,9.5
2019,Kia,Soul EV,Station wagon: Small,81,A1,B,16.8,22.4,19.3,1.9,2.5,2.2,179,0,n/a,n/a,5
2019,Nissan,LEAF (40 kWh),Mid-size,110,A1,B,16.8,21,18.7,1.9,2.4,2.1,243,0,n/a,n/a,8
2019,Nissan,LEAF S PLUS,Mid-size,160,A1,B,17.8,21.5,19.5,2,2.4,2.2,363,0,n/a,n/a,11
2019,Nissan,LEAF SV/SL PLUS,Mid-size,160,A1,B,18.3,22.1,20,2.1,2.5,2.2,349,0,n/a,n/a,11
2019,smart EQ,fortwo cabriolet,Two-seater,60,A1,B,18.7,23.1,20.7,2.1,2.6,2.3,92,0,n/a,n/a,3
2019,smart EQ,fortwo coupe,Two-seater,60,A1,B,16.9,22.3,19.3,1.9,2.5,2.2,93,0,n/a,n/a,3
2019,Tesla,Model 3 Standard Range,Mid-size,211,A1,B,14.8,16.5,15.6,1.7,1.9,1.7,151,0,n/a,n/a,3.7
2019,Tesla,Model 3 Standard Range Plus,Mid-size,211,A1,B,14.9,16.8,15.8,1.7,1.9,1.8,386,0,n/a,n/a,8.5
2019,Tesla,Model 3 Mid Range,Mid-size,211,A1,B,16.4,17.9,17.1,1.8,2,1.9,425,0,n/a,n/a,10
2019,Tesla,Model 3 Long Range,Mid-size,211,A1,B,15.3,17,16.1,1.7,1.9,1.8,499,0,n/a,n/a,10
2019,Tesla,Model 3 Long Range AWD,Mid-size,335,A1,B,17.4,18.7,18,2,2.1,2,499,0,n/a,n/a,10
2019,Tesla,Model 3 Long Range AWD Performance,Mid-size,358,A1,B,17.4,18.7,18,2,2.1,2,499,0,n/a,n/a,10
2019,Tesla,Model S 75D,Full-size,386,A1,B,20.6,19.9,20.3,2.3,2.2,2.3,417,0,n/a,n/a,12
2019,Tesla,Model S 100D,Full-size,386,A1,B,20.7,20.5,20.6,2.3,2.3,2.3,539,0,n/a,n/a,12
2019,Tesla,Model S P100D,Full-size,568,A1,B,22.6,20,21.5,2.5,2.3,2.4,507,0,n/a,n/a,12
2019,Tesla,Model S Standard Range,Full-size,398,A1,B,18.5,20,19.2,2.1,2.2,2.2,459,0,n/a,n/a,9
2019,Tesla,Model S Long Range,Full-size,398,A1,B,18.2,19.5,18.8,2,2.2,2.1,595,0,n/a,n/a,12
2019,Tesla,"Model S Performance (19"" Wheels)",Full-size,580,A1,B,20.1,20.2,20.2,2.3,2.3,2.3,555,0,n/a,n/a,12
2019,Tesla,"Model S Performance (21"" Wheels)",Full-size,580,A1,B,21.3,21.9,21.6,2.4,2.5,2.4,523,0,n/a,n/a,12
2019,Tesla,Model X 75D,Sport utility vehicle: Standard,386,A1,B,23,21.9,22.5,2.6,2.5,2.5,383,0,n/a,n/a,12
2019,Tesla,Model X 100D,Sport utility vehicle: Standard,386,A1,B,24.3,23.7,24,2.7,2.7,2.7,475,0,n/a,n/a,12
2019,Tesla,Model X P100D,Sport utility vehicle: Standard,568,A1,B,25.4,23.6,24.6,2.8,2.7,2.8,465,0,n/a,n/a,12
2019,Tesla,Model X Standard Range,Sport utility vehicle: Standard,398,A1,B,20,21.5,20.7,2.2,2.4,2.3,410,0,n/a,n/a,9
2019,Tesla,Model X Long Range,Sport utility vehicle: Standard,398,A1,B,21.2,22.5,21.8,2.4,2.5,2.4,523,0,n/a,n/a,12
2019,Tesla,"Model X Performance (20"" Wheels)",Sport utility vehicle: Standard,580,A1,B,23.2,23.5,23.3,2.6,2.6,2.6,491,0,n/a,n/a,12
2019,Tesla,"Model X Performance (22"" Wheels)",Sport utility vehicle: Standard,580,A1,B,26.2,27.1,26.6,2.9,3,3,435,0,n/a,n/a,12
2019,Volkswagen,e-Golf,Compact,100,A1,B,16.8,18.6,17.4,1.9,2.1,2,201,0,n/a,n/a,5.3
2020,Audi,e-tron Sportback 55 quattro,Sport utility vehicle: Standard,300,A1,B,27.6,26.9,27.3,3.1,3,3.1,351,0,n/a,n/a,10
2020,BMW,i3 (120 Ah),Subcompact,125,A1,B,16.8,20.6,18.5,1.9,2.3,2.1,246,0,n/a,n/a,7
2020,BMW,i3s (120 Ah),Subcompact,135,A1,B,16.8,20.6,18.5,1.9,2.3,2.1,246,0,n/a,n/a,7
2020,Chevrolet,Bolt EV,Station wagon: Small,150,A1,B,16.5,19.5,17.8,1.9,2.2,2,417,0,n/a,n/a,10
2020,Hyundai,IONIQ Electric,Mid-size,100,A1,B,14.5,17.4,15.8,1.6,1.9,1.8,274,0,n/a,n/a,5.8
2020,Hyundai,Kona Electric,Sport utility vehicle: Small,150,A1,B,16.2,19.3,17.4,1.8,2.2,2,415,0,n/a,n/a,9
2020,Jaguar,I-PACE,Sport utility vehicle: Small,294,A1,B,26.2,29.1,27.5,2.9,3.3,3.1,377,0,n/a,n/a,13
2020,Kia,Niro EV,Station wagon: Small,150,A1,B,17,20.6,18.6,1.9,2.3,2.1,385,0,n/a,n/a,9.5
2020,Kia,Soul EV (120 Ah),Station wagon: Small,150,A1,B,15.5,20.5,18,1.8,2.3,2,248,0,n/a,n/a,6
2020,Kia,Soul EV (180 Ah),Station wagon: Small,150,A1,B,16.8,21.1,18.6,1.9,2.4,2.1,383,0,n/a,n/a,9.5
2020,MINI,Cooper SE 3 Door,Subcompact,135,A1,B,18.2,20.9,19.4,2,2.3,2.2,177,0,n/a,n/a,4
2020,Nissan,LEAF (40 kWh),Mid-size,110,A1,B,17,21.2,18.9,1.9,2.4,2.1,240,0,n/a,n/a,8
2020,Nissan,LEAF S PLUS,Mid-size,160,A1,B,17.8,21.5,19.5,2,2.4,2.2,363,0,n/a,n/a,11
2020,Nissan,LEAF SV/SL PLUS,Mid-size,160,A1,B,18.3,22.1,20,2.1,2.5,2.2,349,0,n/a,n/a,11
2020,Porsche,Taycan 4S (Performance Battery Plus),Compact,360,A2,B,30.9,29.6,30.3,3.5,3.3,3.4,327,0,n/a,n/a,10.5
2020,Porsche,Taycan Turbo,Compact,460,A2,B,30.9,29.5,30.2,3.5,3.3,3.4,323,0,n/a,n/a,10
2020,Porsche,Taycan Turbo S,Compact,460,A2,B,31.3,30.7,31,3.5,3.4,3.5,309,0,n/a,n/a,10.5
2020,Tesla,Model 3 Standard Range,Mid-size,211,A1,B,14.8,16.5,15.6,1.7,1.9,1.7,151,0,n/a,n/a,3.7
2020,Tesla,Model 3 Standard Range Plus,Mid-size,211,A1,B,14.1,15.9,14.9,1.6,1.8,1.7,402,0,n/a,n/a,8.5
2020,Tesla,Model 3 Mid Range,Mid-size,211,A1,B,16.4,17.9,17.1,1.8,2,1.9,425,0,n/a,n/a,10
2020,Tesla,Model 3 Long Range,Mid-size,211,A1,B,15.3,17,16.1,1.7,1.9,1.8,531,0,n/a,n/a,10
2020,Tesla,Model 3 Long Range AWD,Mid-size,335,A1,B,16.9,18,17.4,1.9,2,2,518,0,n/a,n/a,10
2020,Tesla,"Model 3 Long Range AWD Performance (18"" Wheels)",Mid-size,358,A1,B,16.9,18,17.4,1.9,2,2,518,0,n/a,n/a,10
2020,Tesla,"Model 3 Long Range AWD Performance (19"" Wheels)",Mid-size,358,A1,B,17.6,18.7,18.1,2,2.1,2,489,0,n/a,n/a,10
2020,Tesla,"Model 3 Long Range AWD Performance (20"" Wheels)",Mid-size,358,A1,B,17.8,19.6,18.6,2,2.2,2.1,481,0,n/a,n/a,10
2020,Tesla,Model S Standard Range,Full-size,398,A1,B,18.5,20,19.2,2.1,2.2,2.2,462,0,n/a,n/a,9
2020,Tesla,Model S Long Range,Full-size,398,A1,B,18.2,19.5,18.8,2,2.2,2.1,600,0,n/a,n/a,12
2020,Tesla,Model S Long Range Plus (pre-15/6/20),Full-size,398,A1,B,17.2,18.9,18,1.9,2.1,2,629,0,n/a,n/a,12
2020,Tesla,Model S Long Range Plus,Full-size,398,A1,B,17.3,18.8,17.9,1.9,2.1,2,647,0,n/a,n/a,12
2020,Tesla,"Model S Performance (19"" Wheels)",Full-size,580,A1,B,20.1,20.2,20.2,2.3,2.3,2.3,560,0,n/a,n/a,12
2020,Tesla,"Model S Performance (21"" Wheels)",Full-size,580,A1,B,21.3,21.9,21.6,2.4,2.5,2.4,525,0,n/a,n/a,12
2020,Tesla,Model X Standard Range,Sport utility vehicle: Standard,398,A1,B,20,21.5,20.7,2.2,2.4,2.3,415,0,n/a,n/a,9
2020,Tesla,Model X Long Range,Sport utility vehicle: Standard,398,A1,B,21.2,22.5,21.8,2.4,2.5,2.4,528,0,n/a,n/a,12
2020,Tesla,Model X Long Range Plus,Sport utility vehicle: Standard,398,A1,B,19.3,20.8,20,2.2,2.3,2.2,565,0,n/a,n/a,12
2020,Tesla,"Model X Performance (20"" Wheels)",Sport utility vehicle: Standard,580,A1,B,23.2,23.5,23.3,2.6,2.6,2.6,491,0,n/a,n/a,12
2020,Tesla,"Model X Performance (22"" Wheels)",Sport utility vehicle: Standard,580,A1,B,26.2,27.1,26.6,2.9,3,3,438,0,n/a,n/a,12
2020,Tesla,Model Y Long Range AWD,Sport utility vehicle: Small,358,A1,B,16.5,18.3,17.3,1.9,2.1,1.9,509,0,n/a,n/a,10
2020,Tesla,Model Y Performance,Sport utility vehicle: Small,358,A1,B,16.3,18.7,17.4,1.8,2.1,2,507,0,n/a,n/a,10
2020,Tesla,"Model Y Performance (21"" Wheels)",Sport utility vehicle: Small,358,A1,B,18.1,19.8,18.9,2,2.2,2.1,468,0,n/a,n/a,10
2020,Volkswagen,e-Golf,Compact,100,A1,B,17.4,19.9,18.6,1.9,2.3,2.1,198,0,n/a,n/a,5.3
2021,Audi,e-tron 55 quattro,Sport utility vehicle: Standard,300,A1,B,26.9,27,27,3,3,3,357,0,n/a,n/a,10
2021,Audi,e-tron Sportback 55 quattro,Sport utility vehicle: Standard,300,A1,B,27.6,27,27.3,3.1,3,3.1,351,0,n/a,n/a,10
2021,BMW,i3 (120 Ah),Subcompact,125,A1,B,16.8,20.6,18.5,1.9,2.3,2.1,246,0,n/a,n/a,7
2021,BMW,i3s (120 Ah),Subcompact,135,A1,B,16.8,20.6,18.5,1.9,2.3,2.1,246,0,n/a,n/a,7
2021,Chevrolet,Bolt EV,Station wagon: Small,150,A1,B,16.5,19.5,17.8,1.9,2.2,2,417,0,n/a,n/a,10
2021,Ford,Mustang Mach-E Standard Range,Station wagon: Small,198,A1,B,19.9,22.4,21,2.2,2.5,2.4,370,0,n/a,n/a,8.8
2021,Ford,Mustang Mach-E Standard Range AWD,Station wagon: Small,198,A1,B,21,24.5,22.6,2.4,2.7,2.5,340,0,n/a,n/a,8.5
2021,Ford,"Mustang Mach-E Extended Range (19"" Wheels)",Station wagon: Small,216,A1,B,20.2,23.2,21.5,2.3,2.6,2.4,483,0,n/a,n/a,10.9
2021,Ford,Mustang Mach-E Extended Range AWD,Station wagon: Small,258,A1,B,21.8,25,23.2,2.4,2.8,2.6,435,0,n/a,n/a,10.7
2021,Ford,Mustang Mach-E California Route 1,Station wagon: Small,216,A1,B,19.4,22.3,20.7,2.2,2.5,2.3,491,0,n/a,n/a,11.4
2021,Ford,Mustang Mach-E GT Performance Edition,Station wagon: Small,358,A1,B,23.8,27.8,25.6,2.7,3.1,2.9,418,0,n/a,n/a,10.1
2021,Hyundai,IONIQ Electric,Mid-size,100,A1,B,14.5,17.4,15.8,1.6,1.9,1.8,274,0,n/a,n/a,5.8
2021,Hyundai,Kona Electric,Sport utility vehicle: Small,150,A1,B,16.2,19.3,17.4,1.8,2.2,2,415,0,n/a,n/a,9
2021,Kia,Niro EV,Station wagon: Small,150,A1,B,17,20.6,18.6,1.9,2.3,2.1,385,0,n/a,n/a,9.5
2021,Kia,Soul EV (120 Ah),Station wagon: Small,150,A1,B,15.6,20.4,17.8,1.8,2.3,2,248,0,n/a,n/a,6
2021,Kia,Soul EV (180 Ah),Station wagon: Small,150,A1,B,16.9,21,18.7,1.9,2.4,2.1,383,0,n/a,n/a,9.5
2021,MINI,Cooper SE 3 Door,Subcompact,135,A1,B,18.2,20.9,19.4,2,2.3,2.2,177,0,n/a,n/a,4
2021,Nissan,LEAF (40 kWh),Mid-size,110,A1,B,17,21.2,18.9,1.9,2.4,2.1,240,0,n/a,n/a,8
2021,Nissan,LEAF S PLUS,Mid-size,160,A1,B,17.8,21.5,19.5,2,2.4,2.2,363,0,n/a,n/a,11
2021,Nissan,LEAF SV/SL PLUS,Mid-size,160,A1,B,18.3,22.1,20,2.1,2.5,2.2,349,0,n/a,n/a,11
2021,Polestar,2,Mid-size,300,A1,B,21.9,23.9,22.8,2.5,2.7,2.6,375,0,n/a,n/a,8
2021,Porsche,Taycan 4 Cross Turismo,Mid-size,280,A2,B,27.5,27.2,27.4,3.1,3.1,3.1,346,0,n/a,n/a,10.5
2021,Porsche,Taycan 4S (Performance Battery),Compact,320,A2,B,26.6,26.1,26.4,3,2.9,3,320,0,n/a,n/a,9.5
2021,Porsche,Taycan 4S (Performance Battery Plus),Compact,360,A2,B,28,25.8,27.3,3.1,2.9,3,365,0,n/a,n/a,10.5
2021,Porsche,Taycan 4S Cross Turismo,Mid-size,360,A2,B,28,28,28,3.1,3.1,3.1,346,0,n/a,n/a,10.5
2021,Porsche,Taycan Turbo,Compact,460,A2,B,29.2,28,28.6,3.3,3.1,3.2,341,0,n/a,n/a,10.5
2021,Porsche,Taycan Turbo Cross Turismo,Mid-size,460,A2,B,29.1,29.2,29.1,3.3,3.3,3.3,328,0,n/a,n/a,10.5
2021,Porsche,Taycan Turbo S,Compact,460,A2,B,30.2,29.5,29.9,3.4,3.3,3.4,323,0,n/a,n/a,10.5
2021,Porsche,Taycan Turbo S Cross Turismo,Mid-size,460,A2,B,28.5,28.7,28.6,3.2,3.2,3.2,325,0,n/a,n/a,10.5
2021,Tesla,Model 3 Standard Range,Mid-size,191,A1,B,14.5,16,15.2,1.6,1.8,1.7,151,0,n/a,n/a,3.7
2021,Tesla,Model 3 Standard Range Plus,Mid-size,191,A1,B,13.9,15.7,14.8,1.6,1.8,1.7,423,0,n/a,n/a,8.5
2021,Tesla,Model 3 Long Range AWD,Mid-size,293,A1,B,14.9,16.5,15.6,1.7,1.9,1.8,568,0,n/a,n/a,10
2021,Tesla,Model 3 Performance,Mid-size,321,A1,B,17.8,19.6,18.6,2,2.2,2.1,507,0,n/a,n/a,10
2021,Tesla,Model S Long Range,Full-size,494,A1,B,16.9,18.3,17.5,1.9,2.1,2,652,0,n/a,n/a,15
2021,Tesla,Model S Long Range Plus,Full-size,398,A1,B,18.1,19.3,18.6,2,2.2,2.1,629,0,n/a,n/a,12
2021,Tesla,"Model S Performance (19"" Wheels)",Full-size,580,A1,B,18.4,19.7,19,2.1,2.2,2.1,623,0,n/a,n/a,12
2021,Tesla,"Model S Performance (21"" Wheels)",Full-size,580,A1,B,21.3,22.6,21.9,2.4,2.5,2.5,538,0,n/a,n/a,12
2021,Tesla,"Model S Plaid (19"" Wheels)",Full-size,750,A1,B,17.6,18.7,18.1,2,2.1,2,637,0,n/a,n/a,15
2021,Tesla,"Model S Plaid (21"" Wheels)",Full-size,750,A1,B,20.4,21.2,20.8,2.3,2.4,2.3,560,0,n/a,n/a,15
2021,Tesla,Model X Long Range,Sport utility vehicle: Standard,494,A1,B,19.7,21.7,20.6,2.2,2.4,2.3,560,0,n/a,n/a,14
2021,Tesla,Model X Long Range Plus,Sport utility vehicle: Standard,398,A1,B,19.3,20.7,19.9,2.2,2.3,2.2,597,0,n/a,n/a,12
2021,Tesla,"Model X Performance (20"" Wheels)",Sport utility vehicle: Standard,580,A1,B,21,22.1,21.5,2.4,2.5,2.4,549,0,n/a,n/a,12
2021,Tesla,"Model X Performance (22"" Wheels)",Sport utility vehicle: Standard,580,A1,B,23.7,25.3,24.4,2.7,2.8,2.7,483,0,n/a,n/a,12
2021,Tesla,Model Y Standard Range,Sport utility vehicle: Small,211,A1,B,15,17.6,16.2,1.7,2,1.8,393,0,n/a,n/a,8
2021,Tesla,Model Y Long Range AWD,Sport utility vehicle: Small,270,A1,B,15.9,17.9,16.8,1.8,2,1.9,525,0,n/a,n/a,10
2021,Tesla,Model Y Performance,Sport utility vehicle: Small,312,A1,B,18.2,19.8,18.9,2,2.2,2.1,488,0,n/a,n/a,10
2021,Volkswagen,ID.4 Pro,Sport utility vehicle: Small,150,A1,B,20.2,23.4,21.7,2.3,2.6,2.4,400,0,n/a,n/a,7.5
2021,Volkswagen,ID.4 AWD Pro,Sport utility vehicle: Small,220,A1,B,21.5,23.9,22.5,2.4,2.7,2.5,386,0,n/a,n/a,7.5
2021,Volvo,XC40 Recharge,Sport utility vehicle: Small,300,A1,B,24.5,29.2,26.6,2.8,3.3,3,335,0,n/a,n/a,8
2022,Audi,e-tron 55 quattro,Sport utility vehicle: Standard,300,A1,B,26.9,27,27,3,3,3,357,0,n/a,n/a,10
2022,Audi,e-tron Sportback 55 quattro,Sport utility vehicle: Standard,300,A1,B,27.6,27,27.3,3.1,3,3.1,351,0,n/a,n/a,10
2022,Audi,"e-tron S Sportback quattro (20"" Wheels)",Sport utility vehicle: Standard,370,A1,B,28.6,27,27.9,3.2,3,3.1,341,0,n/a,n/a,10
2022,Audi,"e-tron S Sportback quattro (21"" or 22"" Wheels)",Sport utility vehicle: Standard,370,A1,B,32.9,31.7,32.4,3.7,3.6,3.6,298,0,n/a,n/a,10
2022,Audi,e-tron GT,Compact,390,A2,B,25.9,25.3,25.6,2.9,2.8,2.9,383,0,n/a,n/a,10.5
2022,Audi,RS e-tron GT,Compact,475,A2,B,26.4,25.5,26,3,2.9,2.9,373,0,n/a,n/a,10.5
2022,Audi,Q4 50 e-tron quattro,Sport utility vehicle: Small,220,A1,B,21,23.6,22.1,2.4,2.6,2.5,388,0,n/a,n/a,9
2022,Audi,Q4 50 e-tron Sportback quattro,Sport utility vehicle: Small,220,A1,B,21,23.6,22.1,2.4,2.6,2.5,388,0,n/a,n/a,9
2022,BMW,"i4 eDrive40 (18"" Wheels)",Subcompact,250,A1,B,19.1,19.3,19.2,2.1,2.2,2.2,484,0,n/a,n/a,10
2022,BMW,"i4 eDrive40 (19"" Wheels)",Subcompact,250,A1,B,20.9,21.3,21.1,2.4,2.4,2.4,454,0,n/a,n/a,10
2022,BMW,"i4 M50 xDrive (19"" Wheels)",Subcompact,400,A1,B,22.3,21.4,21.9,2.5,2.4,2.5,435,0,n/a,n/a,10
2022,BMW,"i4 M50 xDrive (20"" Wheels)",Subcompact,400,A1,B,26.4,26.1,26.3,3,2.9,3,365,0,n/a,n/a,10
2022,BMW,"iX xDrive50 (20"" Wheels)",Sport utility vehicle: Standard,400,A1,B,24.3,24.2,24.2,2.7,2.7,2.7,521,0,n/a,n/a,12
2022,BMW,"iX xDrive50 (21"" Wheels)",Sport utility vehicle: Standard,400,A1,B,25.4,25.1,25.3,2.9,2.8,2.8,491,0,n/a,n/a,12
2022,BMW,"iX xDrive50 (22"" Wheels)",Sport utility vehicle: Standard,400,A1,B,24.3,24.5,24.4,2.7,2.8,2.7,507,0,n/a,n/a,12
2022,Chevrolet,Bolt EUV,Station wagon: Small,150,A1,B,16.8,20.1,18.3,1.9,2.3,2.1,397,0,n/a,n/a,7.5
2022,Chevrolet,Bolt EV,Station wagon: Small,150,A1,B,16,19.2,17.5,1.8,2.2,2,417,0,n/a,n/a,7.5
2022,Ford,F-150 Lightning Standard Range,Pickup truck: Standard,318,A1,B,27.5,34.5,30.6,3.1,3.9,3.4,370,0,n/a,n/a,11.8
2022,Ford,F-150 Lightning Extended Range,Pickup truck: Standard,420,A1,B,26.9,33.3,29.8,3,3.7,3.3,515,0,n/a,n/a,10.1
2022,Ford,F-150 Lightning Platinum,Pickup truck: Standard,420,A1,B,28.7,35,31.5,3.2,3.9,3.5,483,0,n/a,n/a,9.3
2022,Ford,Mustang Mach-E Standard Range,Sport utility vehicle: Small,198,A1,B,19,21.9,20.3,2.1,2.5,2.3,397,0,n/a,n/a,8.1
2022,Ford,Mustang Mach-E Standard Range AWD,Sport utility vehicle: Small,198,A1,B,21.1,24.3,22.6,2.4,2.7,2.5,360,0,n/a,n/a,8
2022,Ford,Mustang Mach-E Extended Range,Sport utility vehicle: Small,216,A1,B,20.2,23.2,21.5,2.3,2.6,2.4,488,0,n/a,n/a,10.9
2022,Ford,Mustang Mach-E Extended Range AWD,Sport utility vehicle: Small,258,A1,B,21.6,24.9,23.1,2.4,2.8,2.6,446,0,n/a,n/a,10.7
2022,Ford,Mustang Mach-E California Route 1,Sport utility vehicle: Small,216,A1,B,19.4,22.3,20.7,2.2,2.5,2.3,505,0,n/a,n/a,11.4
2022,Ford,Mustang Mach-E California Route 1 AWD,Sport utility vehicle: Small,258,A1,B,20,22.9,21.3,2.3,2.6,2.4,502,0,n/a,n/a,10.1
2022,Ford,Mustang Mach-E GT Performance Edition,Sport utility vehicle: Small,358,A1,B,23.8,27.8,25.6,2.7,3.1,2.9,418,0,n/a,n/a,10.1
2022,Hyundai,IONIQ 5 Standard Range,Full-size,125,A1,B,16.2,22.4,19.3,1.9,2.5,2.1,354,0,n/a,n/a,6.3
2022,Hyundai,IONIQ 5 Long Range,Full-size,168,A1,B,15.5,21.7,18.6,1.8,2.4,2.1,488,0,n/a,n/a,8.5
2022,Hyundai,IONIQ 5 Long Range AWD,Full-size,239,A1,B,19,24,21.3,2.1,2.7,2.4,414,0,n/a,n/a,8.5
2022,Hyundai,Kona Electric,Sport utility vehicle: Small,150,A1,B,16.2,19.3,17.4,1.8,2.2,2,415,0,n/a,n/a,9.5
2022,Jaguar,I-PACE,Sport utility vehicle: Small,294,A1,B,27,29.4,28.1,3,3.3,3.2,357,0,n/a,n/a,13
2022,Kia,EV6 Standard Range,Station wagon: Small,125,A1,B,15.5,21.1,18,1.7,2.4,2,373,0,n/a,n/a,6.3
2022,Kia,EV6 Long Range,Station wagon: Small,168,A1,B,15.5,20.5,18,1.8,2.3,2,499,0,n/a,n/a,8.7
2022,Kia,EV6 Long Range AWD,Station wagon: Small,239,A1,B,18,22.4,19.9,2,2.5,2.2,441,0,n/a,n/a,8.4
2022,Kia,Niro EV,Station wagon: Small,150,A1,B,17,20.6,18.6,1.9,2.3,2.1,385,0,n/a,n/a,9.5
2022,Kia,Soul EV (120 Ah),Station wagon: Small,150,A1,B,15.6,20.4,17.8,1.8,2.3,2,248,0,n/a,n/a,6
2022,Kia,Soul EV (180 Ah),Station wagon: Small,150,A1,B,16.9,21,18.7,1.9,2.4,2.1,383,0,n/a,n/a,9.5
2022,Lucid,"Air Dream P AWD (19"" Wheels)",Full-size,829,A1,B,18,18.3,18.1,2,2.1,2,758,0,n/a,n/a,13
2022,Lucid,"Air Dream P AWD (21"" Wheels)",Full-size,829,A1,B,19,18.8,18.9,2.1,2.1,2.1,726,0,n/a,n/a,13
2022,Lucid,"Air Dream R AWD (19"" Wheels)",Full-size,696,A1,B,16.7,16.7,16.7,1.9,1.9,1.9,837,0,n/a,n/a,13
2022,Lucid,"Air Dream R AWD (21"" Wheels)",Full-size,696,A1,B,18.2,18,18.1,2,2,2,774,0,n/a,n/a,13
2022,Lucid,"Air Grand Touring AWD (19"" Wheels)",Full-size,611,A1,B,16.1,15.8,16,1.8,1.8,1.8,830,0,n/a,n/a,13
2022,Lucid,"Air Grand Touring AWD (21"" Wheels)",Full-size,611,A1,B,17.4,17.1,17.3,2,1.9,1.9,755,0,n/a,n/a,13
2022,Mazda,MX-30,Mid-size,107,A1,B,21.4,24.6,22.8,2.4,2.8,2.6,161,0,n/a,n/a,5.3
2022,Mercedes-Benz,EQB 350 4MATIC SUV,Sport utility vehicle: Small,215,A1,B,21.1,22.4,21.7,2.4,2.5,2.5,365,0,n/a,n/a,7.5
2022,Mercedes-Benz,EQS 580 4MATIC Sedan,Full-size,385,A1,B,23,21.1,22.4,2.6,2.4,2.5,547,0,n/a,n/a,11.25
2022,MINI,Cooper SE 3 Door,Subcompact,135,A1,B,17.6,20.9,19.1,2,2.3,2.1,183,0,n/a,n/a,4
2022,Nissan,LEAF (40 kWh),Mid-size,110,A1,B,17,21.2,18.9,1.9,2.4,2.1,240,0,n/a,n/a,8
2022,Nissan,LEAF S PLUS,Mid-size,160,A1,B,17.8,21.5,19.5,2,2.4,2.2,363,0,n/a,n/a,11
2022,Nissan,LEAF SV/SL PLUS,Mid-size,160,A1,B,18.3,22.1,20,2.1,2.5,2.2,349,0,n/a,n/a,11
2022,Polestar,2 Single Motor,Mid-size,170,A1,B,18.5,20.9,19.6,2.1,2.3,2.2,435,0,n/a,n/a,8
2022,Polestar,2 Dual Motor,Mid-size,300,A1,B,22.4,24.9,23.5,2.5,2.8,2.6,401,0,n/a,n/a,8
2022,Porsche,Taycan 4 Cross Turismo,Mid-size,280,A2,B,27.5,27.2,27.4,3.1,3.1,3.1,346,0,n/a,n/a,10.5
2022,Porsche,Taycan 4S (Performance Battery),Compact,320,A2,B,26.6,26.1,26.4,3,2.9,3,320,0,n/a,n/a,9.5
2022,Porsche,Taycan 4S (Performance Battery Plus),Compact,360,A2,B,28,25.8,27.3,3.1,2.9,3,365,0,n/a,n/a,10.5
2022,Porsche,Taycan 4S Cross Turismo,Mid-size,360,A2,B,28,28,28,3.1,3.1,3.1,346,0,n/a,n/a,10.5
2022,Porsche,Taycan GTS,Compact,380,A2,B,25.1,25.5,25.3,2.8,2.9,2.8,396,0,n/a,n/a,10.5
2022,Porsche,Taycan GTS Sport Turismo,Compact,380,A2,B,26.1,26.2,26.2,2.9,2.9,2.9,375,0,n/a,n/a,10.5
2022,Porsche,Taycan Turbo,Compact,460,A2,B,29.2,28,28.6,3.3,3.1,3.2,341,0,n/a,n/a,10.5
2022,Porsche,Taycan Turbo Cross Turismo,Mid-size,460,A2,B,29.1,29.2,29.1,3.3,3.3,3.3,328,0,n/a,n/a,10.5
2022,Porsche,Taycan Turbo S,Compact,460,A2,B,30.2,29.5,29.9,3.4,3.3,3.4,323,0,n/a,n/a,10.5
2022,Porsche,Taycan Turbo S Cross Turismo,Mid-size,460,A2,B,28.5,28.7,28.6,3.2,3.2,3.2,325,0,n/a,n/a,10.5
2022,Rivian,R1S,Sport utility vehicle: Standard,650,A1,B,28.7,32.1,30.2,3.2,3.6,3.4,509,0,n/a,n/a,13
2022,Rivian,R1T,Pickup truck: Standard,650,A1,B,28.2,31.9,29.9,3.2,3.6,3.4,505,0,n/a,n/a,13
2022,Tesla,Model 3 Standard Range,Mid-size,191,A1,B,17.8,19.5,18.6,2,2.2,2.1,146,0,n/a,n/a,3.7
2022,Tesla,Model 3 RWD,Mid-size,192,A1,B,15.2,16.6,15.8,1.7,1.9,1.8,438,0,n/a,n/a,8.5
2022,Tesla,Model 3 Long Range AWD,Mid-size,293,A1,B,15.6,16.6,16,1.8,1.9,1.8,576,0,n/a,n/a,10
2022,Tesla,Model 3 Performance,Mid-size,321,A1,B,17.8,19.6,18.6,2,2.2,2.1,507,0,n/a,n/a,10
2022,Tesla,Model S,Full-size,494,A1,B,16.9,18.3,17.5,1.9,2.1,2,652,0,n/a,n/a,15
2022,Tesla,"Model S Plaid (19"" Wheels)",Full-size,750,A1,B,17.6,18.7,18.1,2,2.1,2,637,0,n/a,n/a,15
2022,Tesla,"Model S Plaid (21"" Wheels)",Full-size,750,A1,B,20.4,21.2,20.8,2.3,2.4,2.3,560,0,n/a,n/a,15
2022,Tesla,Model X,Sport utility vehicle: Standard,494,A1,B,19.7,21.7,20.6,2.2,2.4,2.3,560,0,n/a,n/a,14
2022,Tesla,"Model X Plaid (20"" Wheels)",Sport utility vehicle: Standard,750,A1,B,20.4,22.5,21.4,2.3,2.5,2.4,536,0,n/a,n/a,14
2022,Tesla,"Model X Plaid (22"" Wheels)",Sport utility vehicle: Standard,750,A1,B,22.3,23.8,22.9,2.5,2.7,2.6,500,0,n/a,n/a,14
2022,Tesla,Model Y AWD,Sport utility vehicle: Small,291,A1,B,16.3,18.1,17.1,1.8,2,1.9,449,0,n/a,n/a,9
2022,Tesla,Model Y Long Range AWD,Sport utility vehicle: Small,291,A1,B,16.5,17.9,17.2,1.9,2,1.9,531,0,n/a,n/a,10
2022,Tesla,Model Y Performance,Sport utility vehicle: Small,312,A1,B,18.2,19.8,18.9,2,2.2,2.1,488,0,n/a,n/a,10
2022,Volkswagen,ID.4 Pro,Sport utility vehicle: Small,150,A1,B,18.7,22,20.2,2.1,2.5,2.3,422,0,n/a,n/a,7.5
2022,Volkswagen,ID.4 AWD Pro,Sport utility vehicle: Small,220,A1,B,21,23.2,22,2.4,2.6,2.5,394,0,n/a,n/a,7.5
2022,Volvo,C40 Recharge Twin,Sport utility vehicle: Small,300,A1,B,22.2,26.1,23.9,2.5,2.9,2.7,364,0,n/a,n/a,8
2022,Volvo,XC40 Recharge Twin,Sport utility vehicle: Small,300,A1,B,22.8,26.6,24.5,2.6,3,2.8,359,0,n/a,n/a,8
2023,Audi,e-tron 55 quattro,Sport utility vehicle: Standard,300,A1,B,26.8,26.5,26.6,3,3,3,364,0,n/a,n/a,10
2023,Audi,e-tron Sportback 55 quattro,Sport utility vehicle: Standard,300,A1,B,27.3,26.2,26.8,3.1,2.9,3,362,0,n/a,n/a,10
2023,Audi,e-tron GT,Compact,390,A2,B,25.9,25.3,25.6,2.9,2.8,2.9,383,0,n/a,n/a,10.5
2023,Audi,RS e-tron GT,Compact,475,A2,B,26.4,25.5,26,3,2.9,2.9,373,0,n/a,n/a,10.5
2023,Audi,Q4 50 e-tron quattro,Sport utility vehicle: Small,220,A1,B,21.5,24,22.6,2.4,2.7,2.5,380,0,n/a,n/a,9
2023,Audi,Q4 Sportback 50 e-tron quattro,Sport utility vehicle: Small,220,A1,B,21,23.4,22.1,2.4,2.6,2.5,389,0,n/a,n/a,9
2023,BMW,"i4 eDrive35 Gran Coupe (18"" Wheels)",Subcompact,210,A1,B,18.2,18.9,18.5,2,2.1,2.1,412,0,n/a,n/a,8
2023,BMW,"i4 eDrive35 Gran Coupe (19"" Wheels)",Subcompact,210,A1,B,19.6,20.5,20,2.2,2.3,2.2,378,0,n/a,n/a,8
2023,BMW,"i4 eDrive40 Gran Coupe (18"" Wheels)",Subcompact,250,A1,B,19.1,19.3,19.2,2.1,2.2,2.2,484,0,n/a,n/a,10
2023,BMW,"i4 eDrive40 Gran Coupe (19"" Wheels)",Subcompact,250,A1,B,20.9,21.3,21.1,2.3,2.4,2.4,454,0,n/a,n/a,10
2023,BMW,"i4 M50 Gran Coupe (19"" Wheels)",Subcompact,400,A1,B,22.3,21.4,21.9,2.5,2.4,2.5,436,0,n/a,n/a,10
2023,BMW,"i4 M50 Gran Coupe (20"" Wheels)",Subcompact,400,A1,B,26.4,26.1,26.3,3,2.9,3,365,0,n/a,n/a,10
2023,BMW,"i7 xDrive60 (19"" Wheels)",Full-size,400,A1,B,24,22.9,23.5,2.7,2.6,2.6,512,0,n/a,n/a,12
2023,BMW,"i7 xDrive60 (20"" Wheels)",Full-size,400,A1,B,25.8,24.5,25.2,2.9,2.8,2.8,476,0,n/a,n/a,12
2023,BMW,"i7 xDrive60 (21"" Wheels)",Full-size,400,A1,B,24.5,23.5,24.1,2.8,2.6,2.7,496,0,n/a,n/a,12
2023,BMW,"iX xDrive40 (20"" Wheels) ",Sport utility vehicle: Standard,240,A1,B,25.1,25.6,25.3,2.8,2.9,2.8,322,0,n/a,n/a,8
2023,BMW,"iX xDrive40 (21"" Wheels) ",Sport utility vehicle: Standard,240,A1,B,24.7,25.9,25.2,2.8,2.9,2.8,322,0,n/a,n/a,8
2023,BMW,"iX xDrive40 (22"" Wheels) ",Sport utility vehicle: Standard,240,A1,B,24.8,25.9,25.3,2.8,2.9,2.8,320,0,n/a,n/a,8
2023,BMW,"iX xDrive50 (20"" Wheels)",Sport utility vehicle: Standard,385,A1,B,24.3,24.2,24.2,2.7,2.7,2.7,521,0,n/a,n/a,12
2023,BMW,"iX xDrive50 (21"" Wheels)",Sport utility vehicle: Standard,385,A1,B,25.4,25.1,25.3,2.9,2.8,2.8,496,0,n/a,n/a,12
2023,BMW,"iX xDrive50 (22"" Wheels)",Sport utility vehicle: Standard,385,A1,B,24.3,24.5,24.4,2.7,2.8,2.7,512,0,n/a,n/a,12
2023,BMW,"iX M60 (21"" Wheels)",Sport utility vehicle: Standard,397,A1,B,27.6,26.3,27,3.1,3,3,463,0,n/a,n/a,12
2023,BMW,"iX M60 (22"" Wheels)",Sport utility vehicle: Standard,397,A1,B,27.3,26,26.7,3.1,2.9,3,441,0,n/a,n/a,12
2023,Cadillac,LYRIQ,Sport utility vehicle: Small,254,A1,B,21.6,25.6,23.4,2.4,2.9,2.6,502,0,n/a,n/a,6.5
2023,Cadillac,LYRIQ AWD,Sport utility vehicle: Small,373,A1,B,21.8,25.8,23.6,2.4,2.9,2.7,494,0,n/a,n/a,10.7
2023,Chevrolet,Bolt EUV,Station wagon: Small,150,A1,B,16.8,20.1,18.3,1.9,2.3,2.1,397,0,n/a,n/a,7.5
2023,Chevrolet,Bolt EV,Station wagon: Small,150,A1,B,16,19.2,17.5,1.8,2.2,2,417,0,n/a,n/a,7.5
2023,Fisker,Ocean Extreme/One,Sport utility vehicle: Standard,350,A1,B,21.2,24.9,22.9,2.4,2.8,2.6,579,0,n/a,n/a,18
2023,Fisker,Ocean Ultra,Sport utility vehicle: Standard,350,A1,B,21.8,25.6,23.5,2.5,2.9,2.6,563,0,n/a,n/a,18
2023,Ford,F-150 Lightning Standard Range,Pickup truck: Standard,318,A1,B,27.5,34.4,30.6,3.1,3.9,3.4,386,0,n/a,n/a,11.9
2023,Ford,F-150 Lightning Extended Range,Pickup truck: Standard,420,A1,B,26.9,33.3,29.8,3,3.7,3.3,515,0,n/a,n/a,10.1
2023,Ford,F-150 Lightning Platinum,Pickup truck: Standard,420,A1,B,28.7,35,31.5,3.2,3.9,3.5,483,0,n/a,n/a,9.3
2023,Ford,Mustang Mach-E Standard Range,Sport utility vehicle: Small,198,A1,B,19,21.9,20.3,2.1,2.5,2.3,397,0,n/a,n/a,8.1
2023,Ford,Mustang Mach-E Standard Range (LFP),Sport utility vehicle: Small,198,A1,B,19.6,22,20.7,2.2,2.5,2.3,402,0,n/a,n/a,7.4
2023,Ford,Mustang Mach-E Standard Range AWD,Sport utility vehicle: Small,198,A1,B,21.1,24.3,22.6,2.4,2.7,2.5,360,0,n/a,n/a,8
2023,Ford,Mustang Mach-E Standard Range AWD (LFP),Sport utility vehicle: Small,232,A1,B,21.5,24,22.6,2.4,2.7,2.5,370,0,n/a,n/a,7.4
2023,Ford,Mustang Mach-E Extended Range,Sport utility vehicle: Small,216,A1,B,19.9,22.7,21.1,2.2,2.5,2.4,500,0,n/a,n/a,10.2
2023,Ford,Mustang Mach-E Extended Range AWD,Sport utility vehicle: Small,258,A1,B,21.5,24.5,22.9,2.4,2.8,2.6,467,0,n/a,n/a,10
2023,Ford,Mustang Mach-E California Route 1 AWD,Sport utility vehicle: Small,258,A1,B,20,22.9,21.3,2.3,2.6,2.4,502,0,n/a,n/a,10.1
2023,Ford,Mustang Mach-E GT Performance Edition,Sport utility vehicle: Small,358,A1,B,23.8,27.8,25.6,2.7,3.1,2.9,418,0,n/a,n/a,10.1
2023,Genesis,Electrified G80,Full-size,272,A1,B,19.9,23.6,21.7,2.2,2.6,2.4,454,0,n/a,n/a,9
2023,Genesis,GV60 Advanced AWD,Full-size,234,A1,B,20.3,24.2,22.1,2.3,2.7,2.5,399,0,n/a,n/a,7.2
2023,Genesis,GV60 Performance AWD,Full-size,320,A1,B,21.7,25.5,23,2.4,2.9,2.6,378,0,n/a,n/a,7.2
2023,Genesis,Electrified GV70,Sport utility vehicle: Small,320,A1,B,21.3,25.1,23,2.4,2.8,2.6,383,0,n/a,n/a,7.9
2023,Hyundai,IONIQ 5 Standard Range,Full-size,125,A1,B,16.2,22.4,19.3,1.9,2.5,2.1,354,0,n/a,n/a,6.3
2023,Hyundai,IONIQ 5 Long Range,Full-size,168,A1,B,15.5,21.7,18.6,1.8,2.4,2.1,488,0,n/a,n/a,8.5
2023,Hyundai,IONIQ 5 Long Range AWD,Full-size,239,A1,B,18.9,23.5,21,2.1,2.6,2.4,422,0,n/a,n/a,8.5
2023,Hyundai,IONIQ 6 Standard Range,Mid-size,111,A1,B,13.7,17.4,15.5,1.6,2,1.7,386,0,n/a,n/a,6.1
2023,Hyundai,IONIQ 6 Long Range (18'' Wheels),Mid-size,168,A1,B,13.7,16.2,14.9,1.5,1.9,1.7,581,0,n/a,n/a,7.5
2023,Hyundai,IONIQ 6 Long Range AWD (18'' Wheels),Mid-size,239,A1,B,16.2,18.6,17.4,1.8,2.1,1.9,509,0,n/a,n/a,7.5
2023,Hyundai,IONIQ 6 Long Range AWD (20'' Wheels),Mid-size,239,A1,B,18.8,22.4,20.5,2.1,2.5,2.3,435,0,n/a,n/a,7.5
2023,Hyundai,Kona Electric,Sport utility vehicle: Small,150,A1,B,15.5,19.9,17.4,1.8,2.2,2,415,0,n/a,n/a,9.5
2023,Jaguar,I-PACE,Sport utility vehicle: Small,294,A1,B,24.5,26.7,25.5,2.7,3,2.9,381,0,n/a,n/a,13
2023,Kia,EV6 Standard Range,Station wagon: Small,125,A1,B,15.5,21.1,18,1.7,2.4,2,373,0,n/a,n/a,6.3
2023,Kia,EV6 Long Range,Station wagon: Small,168,A1,B,15.5,20.5,18,1.8,2.3,2,499,0,n/a,n/a,8.7
2023,Kia,"EV6 Long Range AWD (19"" Wheels)",Station wagon: Small,239,A1,B,17.5,21.5,19.3,2,2.4,2.2,454,0,n/a,n/a,8.4
2023,Kia,"EV6 Long Range AWD (20"" Wheels)",Station wagon: Small,239,A1,B,19.9,24.2,21.7,2.2,2.7,2.5,406,0,n/a,n/a,8.4
2023,Kia,EV6 GT AWD,Station wagon: Small,430,A1,B,24.7,28.4,26.4,2.8,3.2,3,332,0,n/a,n/a,8.9
2023,Kia,Niro EV,Station wagon: Small,150,A1,B,16.8,20.5,18.6,1.9,2.3,2.1,407,0,n/a,n/a,7.5
2023,Kia,Soul EV (120 Ah),Station wagon: Small,150,A1,B,15.6,20.4,17.8,1.8,2.3,2,248,0,n/a,n/a,6
2023,Kia,Soul EV (180 Ah),Station wagon: Small,150,A1,B,16.9,21,18.7,1.9,2.4,2.1,383,0,n/a,n/a,9.5
2023,Lexus,"RZ 450e AWD (18"" Wheels)",Sport utility vehicle: Small,230,A1,B,18.1,21.4,19.6,2,2.4,2.2,354,0,n/a,n/a,10
2023,Lexus,"RZ 450e AWD (20"" Wheels)",Sport utility vehicle: Small,230,A1,B,20.3,24.1,22.4,2.3,2.7,2.5,315,0,n/a,n/a,10
2023,Lucid,"Air Grand Touring XR (19"" Wheels)",Full-size,611,A1,B,16.1,15.8,16,1.8,1.8,1.8,830,0,n/a,n/a,13
2023,Lucid,"Air Grand Touring XR (20"" Wheels)",Full-size,611,A1,B,17.4,17.1,17.3,2,1.9,1.9,755,0,n/a,n/a,13
2023,Lucid,"Air Grand Touring XR (21"" Wheels)",Full-size,611,A1,B,17.4,17.1,17.3,2,1.9,1.9,755,0,n/a,n/a,13
2023,Lucid,"Air Grand Touring Performance (21"" Wheels)",Full-size,783,A1,B,19,18.8,18.9,2.1,2.1,2.1,718,0,n/a,n/a,13
2023,Lucid,"Air Pure (19"" Wheels)",Full-size,358,A1,B,14.9,14.9,14.9,1.7,1.7,1.7,660,0,n/a,n/a,10
2023,Lucid,"Air Pure (20"" Wheels)",Full-size,358,A1,B,17.2,17.4,17.3,1.9,2,1.9,618,0,n/a,n/a,10
2023,Lucid,"Air Touring (19"" Wheels)",Full-size,462,A1,B,14.9,14.9,14.9,1.7,1.7,1.7,684,0,n/a,n/a,10
2023,Lucid,"Air Touring (20"" Wheels)",Full-size,462,A1,B,17.2,17.4,17.3,1.9,2,1.9,618,0,n/a,n/a,10
2023,Lucid,"Air Touring (21"" Wheels)",Full-size,462,A1,B,17.2,17.4,17.3,1.9,2,1.9,618,0,n/a,n/a,10
2023,Mazda,MX-30,Mid-size,107,A1,B,21.4,24.6,22.8,2.4,2.8,2.6,161,0,n/a,n/a,5.3
2023,Mercedes-Benz,AMG EQE 4MATIC+ Sedan,Mid-size,460,A1,B,28.1,28.5,28.3,3.2,3.2,3.2,362,0,n/a,n/a,9.5
2023,Mercedes-Benz,AMG EQS 4MATIC+ Sedan,Full-size,484,A1,B,28.4,27.4,27.9,3.2,3.1,3.1,446,0,n/a,n/a,11.25
2023,Mercedes-Benz,EQB 250+,Sport utility vehicle: Small,140,A1,B,18.5,21.6,19.9,2.1,2.4,2.2,394,0,n/a,n/a,7.75
2023,Mercedes-Benz,EQB 350 4MATIC SUV,Sport utility vehicle: Small,215,A1,B,21.4,22,21.7,2.4,2.5,2.4,356,0,n/a,n/a,6.25
2023,Mercedes-Benz,EQE 350 4MATIC Sedan,Mid-size,215,A1,B,24.2,24.2,24.2,2.7,2.7,2.7,418,0,n/a,n/a,8.25
2023,Mercedes-Benz,EQE 350 4MATIC SUV,Sport utility vehicle: Standard,215,A1,B,25.4,26.4,25.9,2.9,3,2.9,407,0,n/a,n/a,9.5
2023,Mercedes-Benz,EQE 500 4MATIC Sedan,Mid-size,300,A1,B,25,25.5,25.2,2.8,2.9,2.8,418,0,n/a,n/a,9.5
2023,Mercedes-Benz,EQE 500 4MATIC SUV,Sport utility vehicle: Standard,300,A1,B,23,24.5,23.7,2.6,2.7,2.7,433,0,n/a,n/a,9.5
2023,Mercedes-Benz,EQS 450 4MATIC Sedan,Full-size,265,A1,B,20.7,19.9,20.3,2.3,2.2,2.3,547,0,n/a,n/a,11.5
2023,Mercedes-Benz,EQS 450 4MATIC SUV,Sport utility vehicle: Standard,265,A1,B,26.7,27.3,26.7,3,3.1,3,459,0,n/a,n/a,11.5
2023,Mercedes-Benz,EQS 580 4MATIC Sedan,Full-size,385,A1,B,23.3,22.7,23,2.6,2.5,2.6,547,0,n/a,n/a,11.25
2023,Mercedes-Benz,EQS 580 4MATIC SUV,Sport utility vehicle: Standard,400,A1,B,26.1,28,27.3,3,3.2,3.1,459,0,n/a,n/a,11.5
2023,MINI,Cooper SE 3 Door,Subcompact,135,A1,B,17.6,20.9,19.1,2,2.3,2.1,183,0,n/a,n/a,4
2023,Polestar,2 Single Motor,Mid-size,170,A1,B,18.5,20.9,19.6,2.1,2.3,2.2,435,0,n/a,n/a,8
2023,Polestar,2 Dual Motor,Mid-size,300,A1,B,20,21.9,20.9,2.3,2.5,2.3,418,0,n/a,n/a,8
2023,Polestar,2 Dual Motor Performance Pack,Mid-size,350,A1,B,20,21.9,20.9,2.3,2.5,2.3,418,0,n/a,n/a,8
2023,Polestar,2 BST Edition,Mid-size,350,A1,B,21.3,23.1,22.1,2.4,2.6,2.5,397,0,n/a,n/a,8
2023,Porsche,Taycan 4S (Performance Battery),Compact,320,A2,B,25.5,25.5,25.5,2.9,2.9,2.9,332,0,n/a,n/a,9.5
2023,Porsche,Taycan 4S (Performance Battery Plus),Compact,360,A2,B,26.5,26,26.3,3,2.9,3,378,0,n/a,n/a,10.5
2023,Porsche,Taycan 4S Cross Turismo,Mid-size,360,A2,B,26.7,26.7,26.7,3,3,3,370,0,n/a,n/a,10.5
2023,Porsche,Taycan GTS,Compact,380,A2,B,25.1,25.5,25.3,2.8,2.9,2.8,396,0,n/a,n/a,10.5
2023,Porsche,Taycan GTS Sport Turismo,Compact,380,A2,B,26.1,26.2,26.2,2.9,2.9,2.9,322,0,n/a,n/a,10.5
2023,Porsche,Taycan Turbo,Compact,460,A2,B,25.7,26.3,26,2.9,3,2.9,383,0,n/a,n/a,10.5
2023,Porsche,Taycan Turbo Cross Turismo,Mid-size,460,A2,B,26.1,27,26.5,2.9,3,3,375,0,n/a,n/a,10.5
2023,Porsche,Taycan Turbo S,Compact,460,A2,B,27.3,28.6,28,3.1,3.2,3.1,357,0,n/a,n/a,10.5
2023,Porsche,Taycan Turbo S Cross Turismo,Mid-size,460,A2,B,27.3,28.6,28,3.1,3.2,3.1,357,0,n/a,n/a,10.5
2023,Rivian,"R1S (20"" Wheels)",Sport utility vehicle: Standard,650,A1,B,30.5,35.1,32.5,3.4,3.9,3.7,465,0,n/a,n/a,13
2023,Rivian,"R1S (20"" Wheels) All-Terrain",Sport utility vehicle: Standard,650,A1,B,32,35,33.4,3.6,3.9,3.7,441,0,n/a,n/a,13
2023,Rivian,"R1S (20"" Wheels) AT Dual Large",Sport utility vehicle: Standard,418,A1,B,29,32.5,30.6,3.3,3.6,3.4,494,0,n/a,n/a,13
2023,Rivian,"R1S (20"" Wheels) AT Performance Dual Large",Sport utility vehicle: Standard,496,A1,B,29,32.5,30.6,3.3,3.6,3.4,494,0,n/a,n/a,13
2023,Rivian,"R1S (20"" Wheels) AT Dual Max",Sport utility vehicle: Standard,418,A1,B,26.7,31.1,28.7,3,3.5,3.2,571,0,n/a,n/a,13
2023,Rivian,"R1S (20"" Wheels) AT Performance Dual Max",Sport utility vehicle: Standard,496,A1,B,26.7,31.1,28.7,3,3.5,3.2,571,0,n/a,n/a,13
2023,Rivian,"R1S (21"" Wheels)",Sport utility vehicle: Standard,650,A1,B,27.8,31.5,29.5,3.1,3.5,3.3,517,0,n/a,n/a,13
2023,Rivian,"R1S (21"" Wheels) Dual Large",Sport utility vehicle: Standard,418,A1,B,25.6,28.4,26.9,2.9,3.2,3,566,0,n/a,n/a,13
2023,Rivian,"R1S (21"" Wheels) Performance Dual Large",Sport utility vehicle: Standard,496,A1,B,25.6,28.4,26.9,2.9,3.2,3,566,0,n/a,n/a,13
2023,Rivian,"R1S (21"" Wheels) Dual Max",Sport utility vehicle: Standard,418,A1,B,23.5,27.7,25.4,2.6,3.1,2.9,644,0,n/a,n/a,13
2023,Rivian,"R1S (21"" Wheels) Performance Dual Max",Sport utility vehicle: Standard,496,A1,B,23.5,27.7,25.4,2.6,3.1,2.9,644,0,n/a,n/a,13
2023,Rivian,"R1S (22"" Wheels)",Sport utility vehicle: Standard,650,A1,B,28.7,33.1,30.7,3.2,3.7,3.4,488,0,n/a,n/a,13
2023,Rivian,"R1S (22"" Wheels) Dual Large",Sport utility vehicle: Standard,418,A1,B,26.3,29.6,27.8,3,3.3,3.1,549,0,n/a,n/a,13
2023,Rivian,"R1S (22"" Wheels) Performance Dual Large",Sport utility vehicle: Standard,496,A1,B,26.3,29.6,27.8,3,3.3,3.1,549,0,n/a,n/a,13
2023,Rivian,"R1S (22"" Wheels) Dual Max",Sport utility vehicle: Standard,418,A1,B,25,29.3,26.9,2.8,3.3,3,612,0,n/a,n/a,13
2023,Rivian,"R1S (22"" Wheels) Performance Dual Max",Sport utility vehicle: Standard,496,A1,B,25,29.3,26.9,2.8,3.3,3,612,0,n/a,n/a,13
2023,Rivian,"R1T (20"" Wheels)",Pickup truck: Standard,650,A1,B,30.5,35.1,32.5,3.4,3.9,3.7,465,0,n/a,n/a,13
2023,Rivian,"R1T (20"" Wheels) All-Terrain",Pickup truck: Standard,650,A1,B,32,35,33.4,3.6,3.9,3.7,441,0,n/a,n/a,13
2023,Rivian,"R1T (20"" Wheels) AT Dual Large",Pickup truck: Standard,418,A1,B,29,32.5,30.6,3.3,3.6,3.4,494,0,n/a,n/a,13
2023,Rivian,"R1T (20"" Wheels) AT Performance Dual Large",Pickup truck: Standard,496,A1,B,29,32.5,30.6,3.3,3.6,3.4,494,0,n/a,n/a,13
2023,Rivian,"R1T (20"" Wheels) AT Dual Max",Pickup truck: Standard,418,A1,B,26.7,31.1,28.7,3,3.5,3.2,571,0,n/a,n/a,13
2023,Rivian,"R1T (20"" Wheels) AT Performance Dual Max",Pickup truck: Standard,496,A1,B,26.7,31.1,28.7,3,3.5,3.2,571,0,n/a,n/a,13
2023,Rivian,"R1T (21"" Wheels)",Pickup truck: Standard,650,A1,B,27.4,30.2,28.7,3.1,3.4,3.2,528,0,n/a,n/a,13
2023,Rivian,"R1T (21"" Wheels) Dual Large",Pickup truck: Standard,418,A1,B,25.6,28.4,26.9,2.9,3.2,3,566,0,n/a,n/a,13
2023,Rivian,"R1T (21"" Wheels) Performance Dual Large",Pickup truck: Standard,496,A1,B,25.6,28.4,26.9,2.9,3.2,3,566,0,n/a,n/a,13
2023,Rivian,"R1T (21"" Wheels) Dual Max",Pickup truck: Standard,418,A1,B,23,27,24.8,2.6,3,2.8,661,0,n/a,n/a,13
2023,Rivian,"R1T (21"" Wheels) Performance Dual Max",Pickup truck: Standard,496,A1,B,23,27,24.8,2.6,3,2.8,661,0,n/a,n/a,13
2023,Rivian,"R1T (22"" Wheels)",Pickup truck: Standard,650,A1,B,28.7,33.1,30.7,3.2,3.7,3.4,488,0,n/a,n/a,13
2023,Rivian,"R1T (22"" Wheels) Dual Large",Pickup truck: Standard,418,A1,B,26.1,29.5,27.6,2.9,3.3,3.1,549,0,n/a,n/a,13
2023,Rivian,"R1T (22"" Wheels) Performance Dual Large",Pickup truck: Standard,496,A1,B,26.1,29.5,27.6,2.9,3.3,3.1,549,0,n/a,n/a,13
2023,Rivian,"R1T (22"" Wheels) Dual Max",Pickup truck: Standard,418,A1,B,25,29.3,26.9,2.8,3.3,3,612,0,n/a,n/a,13
2023,Rivian,"R1T (22"" Wheels) Performance Dual Max",Pickup truck: Standard,496,A1,B,25,29.3,26.9,2.8,3.3,3,612,0,n/a,n/a,13
2023,Subaru,Solterra AWD,Sport utility vehicle: Small,160,A1,B,18.6,22.4,20.3,2.1,2.5,2.3,360,0,n/a,n/a,11
2023,Tesla,Model 3 RWD,Mid-size,192,A1,B,15.2,16.6,15.8,1.7,1.9,1.8,438,0,n/a,n/a,8.5
2023,Tesla,Model 3 Long Range AWD (pre-1/10/23),Mid-size,293,A1,B,15.6,16.6,16,1.8,1.9,1.8,576,0,n/a,n/a,10
2023,Tesla,Model 3 Long Range AWD,Mid-size,293,A1,B,16,17.3,16.6,1.8,1.9,1.9,536,0,n/a,n/a,10
2023,Tesla,Model 3 Long Range AWD (Import),Mid-size,276,A1,B,16,17.3,16.6,1.8,1.9,1.9,534,0,n/a,n/a,10
2023,Tesla,Model 3 Performance,Mid-size,321,A1,B,17.8,19.6,18.6,2,2.2,2.1,507,0,n/a,n/a,10
2023,Tesla,Model S,Full-size,494,A1,B,16.9,18.3,17.5,1.9,2.1,2,652,0,n/a,n/a,15
2023,Tesla,"Model S Plaid (19"" Wheels)",Full-size,750,A1,B,17.6,18.7,18.1,2,2.1,2,637,0,n/a,n/a,15
2023,Tesla,"Model S Plaid (21"" Wheels)",Full-size,750,A1,B,20.4,21.2,20.8,2.3,2.4,2.3,560,0,n/a,n/a,15
2023,Tesla,Model X,Sport utility vehicle: Standard,494,A1,B,19.7,21.7,20.6,2.2,2.4,2.3,560,0,n/a,n/a,14
2023,Tesla,"Model X Plaid (20"" Wheels)",Sport utility vehicle: Standard,750,A1,B,20.4,22.5,21.4,2.3,2.5,2.4,536,0,n/a,n/a,14
2023,Tesla,"Model X Plaid (22"" Wheels)",Sport utility vehicle: Standard,750,A1,B,22.3,23.8,22.9,2.5,2.7,2.6,500,0,n/a,n/a,14
2023,Tesla,Model Y RWD,Sport utility vehicle: Small,211,A1,B,16.6,18.1,17.3,1.9,2,1.9,394,0,n/a,n/a,8
2023,Tesla,Model Y AWD,Sport utility vehicle: Small,291,A1,B,16.3,18.1,17.1,1.8,2,1.9,449,0,n/a,n/a,9
2023,Tesla,Model Y Long Range AWD,Sport utility vehicle: Small,291,A1,B,16.5,17.9,17.2,1.9,2,1.9,531,0,n/a,n/a,10
2023,Tesla,Model Y Long Range AWD (Import),Sport utility vehicle: Small,291,A1,B,17.4,18.2,17.8,2,2,2,497,0,n/a,n/a,10
2023,Tesla,Model Y Performance,Sport utility vehicle: Small,312,A1,B,18.2,19.8,18.9,2,2.2,2.1,488,0,n/a,n/a,10
2023,Tesla,Model Y Performance (Import),Sport utility vehicle: Small,314,A1,B,18.3,20.4,19.2,2.1,2.3,2.2,459,0,n/a,n/a,10
2023,Toyota,bZ4X,Sport utility vehicle: Small,150,A1,B,16,19.5,17.6,1.8,2.2,2,406,0,n/a,n/a,11
2023,Toyota,bZ4X AWD,Sport utility vehicle: Small,160,A1,B,18.4,22.3,20.1,2.1,2.5,2.3,367,0,n/a,n/a,11
2023,VinFast,VF8 ECO,Sport utility vehicle: Small,260,A1,B,26.4,29.5,27.8,3,3.3,3.1,425,0,n/a,n/a,12
2023,VinFast,VF8 PLUS,Sport utility vehicle: Small,260,A1,B,32.3,34.3,33.2,3.6,3.8,3.7,354,0,n/a,n/a,12
2023,VinFast,VF8 PLUS Performance,Sport utility vehicle: Small,300,A1,B,43.8,48.4,45.9,4.9,5.4,5.2,391,0,n/a,n/a,12
2023,Volkswagen,ID.4,Sport utility vehicle: Small,150,A1,B,18.2,21.2,19.6,2,2.4,2.2,336,0,n/a,n/a,6
2023,Volkswagen,ID.4 Pro,Sport utility vehicle: Small,150,A1,B,18.2,21.3,19.6,2,2.4,2.2,443,0,n/a,n/a,7.5
2023,Volkswagen,ID.4 AWD Pro,Sport utility vehicle: Small,220,A1,B,20.1,22.6,21.2,2.3,2.5,2.4,410,0,n/a,n/a,7.5
2023,Volvo,C40 Recharge Twin,Sport utility vehicle: Small,300,A1,B,22.2,26.1,23.9,2.5,2.9,2.7,364,0,n/a,n/a,8
2023,Volvo,XC40 Recharge Twin,Sport utility vehicle: Small,300,A1,B,22.8,26.6,24.5,2.6,3,2.8,359,0,n/a,n/a,8
2024,Acura,ZDX A-SPEC AWD,Sport utility vehicle: Standard,375,A1,B,22.3,26.1,24,2.5,2.9,2.7,489,0,n/a,n/a,11
2024,Acura,ZDX Type S AWD,Sport utility vehicle: Standard,375,A1,B,25.3,28.4,26.7,2.8,3.2,3,447,0,n/a,n/a,11
2024,Audi,e-tron GT,Compact,390,A2,B,24.8,24.8,24.8,2.8,2.8,2.8,399,0,n/a,n/a,10.5
2024,Audi,RS e-tron GT,Compact,475,A2,B,24.8,24.8,24.8,2.8,2.8,2.8,399,0,n/a,n/a,10.5
2024,Audi,Q4 45 e-tron,Sport utility vehicle: Small,150,A1,B,16.8,20.1,18.3,1.9,2.3,2.1,463,0,n/a,n/a,12
2024,Audi,Q4 50 e-tron,Sport utility vehicle: Small,220,A1,B,21.5,24,22.6,2.4,2.7,2.5,380,0,n/a,n/a,9
2024,Audi,Q4 Sportback 50 e-tron,Sport utility vehicle: Small,220,A1,B,21,23.4,22.1,2.4,2.6,2.5,389,0,n/a,n/a,9
2024,Audi,Q4 55 e-tron,Sport utility vehicle: Small,250,A1,B,19.5,22.7,21,2.2,2.6,2.4,415,0,n/a,n/a,12
2024,Audi,Q4 Sportback 55 e-tron,Sport utility vehicle: Small,250,A1,B,19.5,22.7,21,2.2,2.6,2.4,415,0,n/a,n/a,12
2024,Audi,Q8 e-tron,Sport utility vehicle: Standard,300,A1,B,26.1,25.3,25.7,2.9,2.8,2.9,459,0,n/a,n/a,16
2024,Audi,Q8 Sportback e-tron,Sport utility vehicle: Standard,300,A1,B,24.9,23.3,24.2,2.8,2.6,2.7,476,0,n/a,n/a,16
2024,Audi,"SQ8 e-tron (20"" Wheels)",Sport utility vehicle: Standard,370,A1,B,29.2,27.7,28.5,3.3,3.1,3.2,409,0,n/a,n/a,16
2024,Audi,"SQ8 e-tron (21"" or 22"" Wheels)",Sport utility vehicle: Standard,370,A1,B,33.7,33,33.4,3.8,3.7,3.7,351,0,n/a,n/a,16
2024,Audi,"SQ8 Sportback e-tron (20"" Wheels)",Sport utility vehicle: Standard,370,A1,B,29.2,27.7,28.5,3.3,3.1,3.2,409,0,n/a,n/a,16
2024,Audi,"SQ8 Sportback e-tron (21"" or 22"" Wheels)",Sport utility vehicle: Standard,370,A1,B,33.7,33,33.4,3.8,3.7,3.7,351,0,n/a,n/a,16
2024,BMW,"i4 eDrive35 Gran Coupe (18"" Wheels)",Subcompact,210,A1,B,17.2,17.7,17.4,1.9,2,2,444,0,n/a,n/a,7
2024,BMW,"i4 eDrive35 Gran Coupe (19"" Wheels)",Subcompact,210,A1,B,18.8,19.5,19.1,2.1,2.2,2.1,406,0,n/a,n/a,7
2024,BMW,"i4 eDrive40 Gran Coupe (18"" Wheels)",Subcompact,250,A1,B,19.1,19.3,19.2,2.1,2.2,2.2,484,0,n/a,n/a,8
2024,BMW,"i4 eDrive40 Gran Coupe (19"" Wheels)",Subcompact,250,A1,B,20.9,21.2,21,2.3,2.4,2.4,455,0,n/a,n/a,8
2024,BMW,"i4 xDrive40 Gran Coupe (18"" Wheels)",Subcompact,295,A1,B,19.5,18.9,19.2,2.2,2.1,2.2,494,0,n/a,n/a,8
2024,BMW,"i4 xDrive40 Gran Coupe (19"" Wheels)",Subcompact,295,A1,B,21.5,20.9,21.2,2.4,2.3,2.4,449,0,n/a,n/a,8
2024,BMW,"i4 M50 Gran Coupe (19"" Wheels)",Subcompact,400,A1,B,22.4,21.5,22,2.5,2.4,2.5,433,0,n/a,n/a,8
2024,BMW,"i4 M50 Gran Coupe (20"" Wheels)",Subcompact,400,A1,B,26.4,26.1,26.3,3,2.9,3,365,0,n/a,n/a,8
2024,BMW,"i5 M60 Sedan (19"" Wheels)",Compact,442,A1,B,23.3,22.6,23,2.6,2.5,2.6,412,0,n/a,n/a,8
2024,BMW,"i5 M60 Sedan (20"" Wheels)",Compact,442,A1,B,23.5,23.4,23.5,2.6,2.6,2.6,399,0,n/a,n/a,8
2024,BMW,"i5 M60 Sedan (21"" Wheels)",Compact,442,A1,B,24.8,24.4,24.6,2.8,2.7,2.8,386,0,n/a,n/a,8
2024,BMW,"i7 xDrive60 Sedan (19"" Wheels)",Full-size,400,A1,B,24.1,22.6,23.4,2.7,2.5,2.6,510,0,n/a,n/a,11
2024,BMW,"i7 xDrive60 Sedan (20"" Wheels)",Full-size,400,A1,B,25.6,24.2,25,2.9,2.7,2.8,480,0,n/a,n/a,11
2024,BMW,"i7 xDrive60 Sedan (21"" Wheels)",Full-size,400,A1,B,24.3,23.1,23.8,2.7,2.6,2.7,494,0,n/a,n/a,11
2024,BMW,"i7 M70 xDrive Sedan (20"" Wheels)",Full-size,485,A1,B,28.4,26.1,27.4,3.2,2.9,3.1,441,0,n/a,n/a,11
2024,BMW,"i7 M70 xDrive Sedan (21"" Wheels)",Full-size,485,A1,B,26.7,24.8,25.8,3,2.8,2.9,468,0,n/a,n/a,11
2024,BMW,"iX xDrive40 (20"" Wheels) ",Sport utility vehicle: Standard,240,A1,B,24,24.5,24.2,2.7,2.8,2.7,351,0,n/a,n/a,8
2024,BMW,"iX xDrive40 (21"" Wheels) ",Sport utility vehicle: Standard,240,A1,B,24.3,25.1,24.6,2.7,2.8,2.8,346,0,n/a,n/a,8
2024,BMW,"iX xDrive40 (22"" Wheels) ",Sport utility vehicle: Standard,240,A1,B,23.3,24.4,23.8,2.6,2.7,2.7,356,0,n/a,n/a,8
2024,BMW,"iX xDrive50 (20"" Wheels) ",Sport utility vehicle: Standard,385,A1,B,25.3,24.7,25,2.8,2.8,2.8,500,0,n/a,n/a,11
2024,BMW,"iX xDrive50 (21"" Wheels)",Sport utility vehicle: Standard,385,A1,B,25.4,25.4,25.4,2.8,2.9,2.9,494,0,n/a,n/a,11
2024,BMW,"iX xDrive50 (22"" Wheels) ",Sport utility vehicle: Standard,385,A1,B,25.5,25.7,25.6,2.9,2.9,2.9,491,0,n/a,n/a,11
2024,BMW,"iX M60 (21"" Wheels)",Sport utility vehicle: Standard,397,A1,B,26.8,26,26.4,3,2.9,3,476,0,n/a,n/a,11
2024,BMW,"iX M60 (22"" Wheels)",Sport utility vehicle: Standard,397,A1,B,26.8,25.5,26.2,3,2.9,2.9,476,0,n/a,n/a,11
2024,Cadillac,LYRIQ (11.5 kW Charger),Sport utility vehicle: Small,255,A1,B,22.2,25.6,23.8,2.5,2.9,2.7,505,0,n/a,n/a,10.7
2024,Cadillac,LYRIQ (19 kW Charger),Sport utility vehicle: Small,255,A1,B,22.2,25.6,23.8,2.5,2.9,2.7,505,0,n/a,n/a,6.7
2024,Cadillac,LYRIQ AWD (11.5 kW Charger),Sport utility vehicle: Small,375,A1,B,21.8,25.8,23.6,2.4,2.9,2.7,494,0,n/a,n/a,10.7
2024,Cadillac,LYRIQ AWD (19 kW Charger),Sport utility vehicle: Small,375,A1,B,21.8,25.8,23.6,2.4,2.9,2.7,494,0,n/a,n/a,6.7
2024,Chevrolet,Blazer EV RS,Sport utility vehicle: Small,255,A1,B,21.1,24.8,22.8,2.4,2.8,2.6,521,0,n/a,n/a,11
2024,Chevrolet,Blazer EV 2LT/RS AWD,Sport utility vehicle: Small,247,A1,B,20.3,23.8,21.9,2.3,2.7,2.5,449,0,n/a,n/a,9.5
2024,Chevrolet,Equinox EV,Sport utility vehicle: Small,180,A1,B,17.9,21.1,19.3,2,2.4,2.2,513,0,n/a,n/a,9.4
2024,Chevrolet,Equinox EV AWD,Sport utility vehicle: Small,247,A1,B,20.7,23.2,21.8,2.3,2.6,2.5,459,0,n/a,n/a,9.5
2024,Chevrolet,Silverado EV 3WT,Pickup truck: Standard,381,A1,B,29.3,34,31.4,3.3,3.8,3.5,632,0,n/a,n/a,11
2024,Chevrolet,Silverado EV 4WT,Pickup truck: Standard,381,A1,B,31.1,35.7,33.2,3.5,4,3.7,724,0,n/a,n/a,12.7
2024,FIAT,500e,Minicompact,87,A1,B,17.4,20.9,19,2,2.4,2.1,227,0,n/a,n/a,6.2
2024,Fisker,"Ocean Extreme (20"" Wheels)",Sport utility vehicle: Standard,414,A1,B,21.2,24.9,22.9,2.4,2.8,2.6,579,0,n/a,n/a,18
2024,Fisker,"Ocean Extreme (22"" Wheels)",Sport utility vehicle: Standard,414,A1,B,21.9,25.3,23.4,2.5,2.8,2.6,541,0,n/a,n/a,18
2024,Fisker,"Ocean Sport (20"" Wheels)",Sport utility vehicle: Standard,207,A1,B,20.2,25.9,22.7,2.3,2.9,2.6,372,0,n/a,n/a,12
2024,Fisker,"Ocean Sport (22"" Wheels)",Sport utility vehicle: Standard,207,A1,B,25.4,28,26.6,2.9,3.1,3,312,0,n/a,n/a,12
2024,Fisker,"Ocean Ultra (20"" Wheels)",Sport utility vehicle: Standard,414,A1,B,21.8,25.6,23.5,2.5,2.9,2.6,563,0,n/a,n/a,18
2024,Fisker,"Ocean Ultra (22"" Wheels)",Sport utility vehicle: Standard,414,A1,B,22.5,26,24.1,2.5,2.9,2.7,525,0,n/a,n/a,18
2024,Ford,F-150 Lightning Standard Range,Pickup truck: Standard,318,A1,B,27.5,34.5,30.6,3.1,3.9,3.4,386,0,n/a,n/a,11.9
2024,Ford,F-150 Lightning Extended Range,Pickup truck: Standard,420,A1,B,26.9,33.3,29.8,3,3.7,3.3,515,0,n/a,n/a,14.6
2024,Ford,F-150 Lightning Platinum,Pickup truck: Standard,420,A1,B,28.7,35,31.5,3.2,3.9,3.5,483,0,n/a,n/a,14.6
2024,Ford,F-150 Lightning Pro,Pickup truck: Standard,420,A1,B,26.9,33.3,29.8,3,3.7,3.3,515,0,n/a,n/a,10.1
2024,Ford,Mustang Mach-E Standard Range,Sport utility vehicle: Small,197,A1,B,19.7,21.4,20.5,2.2,2.4,2.3,402,0,n/a,n/a,7.1
2024,Ford,Mustang Mach-E Standard Range AWD,Sport utility vehicle: Small,242,A1,B,22.1,23.9,22.9,2.5,2.7,2.6,370,0,n/a,n/a,7.5
2024,Ford,Mustang Mach-E Extended Range,Sport utility vehicle: Small,216,A1,B,18.8,20.9,19.8,2.1,2.4,2.2,515,0,n/a,n/a,10.1
2024,Ford,Mustang Mach-E Extended Range AWD,Sport utility vehicle: Small,272,A1,B,20.3,22.3,21.2,2.3,2.5,2.4,483,0,n/a,n/a,10
2024,Ford,Mustang Mach-E GT,Sport utility vehicle: Small,358,A1,B,22,24.7,23.2,2.5,2.8,2.6,451,0,n/a,n/a,9.9
2024,Ford,Mustang Mach-E Rally,Sport utility vehicle: Small,358,A1,B,23.3,25.9,24.5,2.6,2.9,2.7,426,0,n/a,n/a,10.2
2024,Genesis,Electrified G80,Full-size,272,A1,B,19.9,23.6,21.7,2.2,2.6,2.4,454,0,n/a,n/a,9
2024,Genesis,GV60 Advanced AWD,Sport utility vehicle: Small,234,A1,B,20.3,24.2,22.1,2.3,2.7,2.5,399,0,n/a,n/a,7.2
2024,Genesis,GV60 Performance AWD,Sport utility vehicle: Small,320,A1,B,21.7,25.5,23,2.4,2.9,2.6,378,0,n/a,n/a,7.2
2024,Genesis,Electrified GV70,Sport utility vehicle: Small,320,A1,B,21.4,25.2,23.1,2.4,2.8,2.6,380,0,n/a,n/a,7.9
2024,GMC,HUMMER EV2X Pickup,Pickup truck: Standard,428,A1,B,36,45.4,40.4,4.1,5.1,4.5,500,0,n/a,n/a,10.5
2024,GMC,HUMMER EV2X Pickup Mud Terrain Tire,Pickup truck: Standard,428,A1,B,40.9,49,44.6,4.6,5.5,5,449,0,n/a,n/a,10.5
2024,GMC,HUMMER EV2X SUV,Sport utility vehicle: Standard,428,A1,B,37.2,45.7,41,4.2,5.1,4.6,488,0,n/a,n/a,10.5
2024,GMC,HUMMER EV2X SUV Mud Terrain Tire,Sport utility vehicle: Standard,428,A1,B,40.9,49,44.6,4.6,5.5,5,449,0,n/a,n/a,10.5
2024,GMC,HUMMER EV3X SUV,Sport utility vehicle: Standard,600,A1,B,35.8,43.8,39.4,4,4.9,4.4,505,0,n/a,n/a,10.5
2024,GMC,HUMMER EV3X SUV Mud Terrain Tire,Sport utility vehicle: Standard,600,A1,B,37.9,46.6,41.6,4.3,5.2,4.7,480,0,n/a,n/a,10.5
2024,Honda,Prologue EX AWD,Sport utility vehicle: Standard,247,A1,B,20.6,23.8,22.1,2.3,2.7,2.5,452,0,n/a,n/a,9.5
2024,Honda,Prologue EX-L AWD,Sport utility vehicle: Standard,247,A1,B,20.6,23.8,22.1,2.3,2.7,2.5,452,0,n/a,n/a,9.5
2024,Honda,Prologue Touring AWD,Sport utility vehicle: Standard,247,A1,B,21.1,25,22.8,2.4,2.8,2.6,439,0,n/a,n/a,9.5
2024,Hyundai,IONIQ 5 Long Range,Sport utility vehicle: Small,168,A1,B,15.5,21.7,18.6,1.8,2.4,2.1,488,0,n/a,n/a,8.5
2024,Hyundai,IONIQ 5 Long Range AWD,Sport utility vehicle: Small,239,A1,B,19.5,24,21.5,2.2,2.7,2.4,410,0,n/a,n/a,8.5
2024,Hyundai,IONIQ 6 Long Range (18'' Wheels),Mid-size,168,A1,B,13.7,16.2,14.9,1.5,1.9,1.7,581,0,n/a,n/a,7.5
2024,Hyundai,IONIQ 6 Long Range (20'' Wheels),Mid-size,168,A1,B,16.2,19.9,18,1.8,2.2,2,491,0,n/a,n/a,7.5
2024,Hyundai,IONIQ 6 Long Range AWD (18'' Wheels),Mid-size,239,A1,B,16.2,18.6,17.4,1.8,2.1,1.9,509,0,n/a,n/a,7.5
2024,Hyundai,IONIQ 6 Long Range AWD (20'' Wheels),Mid-size,239,A1,B,18.8,22.4,20.5,2.1,2.5,2.3,435,0,n/a,n/a,7.5
2024,Hyundai,Kona Electric Long Range,Sport utility vehicle: Small,150,A1,B,16.3,20.3,18.1,1.8,2.3,2,420,0,n/a,n/a,6.1
2024,Jaguar,I-PACE,Sport utility vehicle: Small,294,A1,B,24.5,26.7,25.5,2.7,3,2.9,381,0,n/a,n/a,13
2024,Kia,EV6 Wind,Sport utility vehicle: Small,168,A1,B,15.5,20.5,18,1.8,2.3,2,499,0,n/a,n/a,8.7
2024,Kia,"EV6 Land AWD (19"" Wheels)",Sport utility vehicle: Small,239,A1,B,17.5,21.5,19.3,2,2.4,2.2,454,0,n/a,n/a,8.4
2024,Kia,"EV6 Land AWD (20"" Wheels)",Sport utility vehicle: Small,239,A1,B,19.9,24.2,21.7,2.2,2.7,2.5,406,0,n/a,n/a,8.4
2024,Kia,EV6 GT AWD,Sport utility vehicle: Small,430,A1,B,23.6,27.3,25.5,2.7,3.1,2.8,351,0,n/a,n/a,7.7
2024,Kia,EV9 Light,Sport utility vehicle: Standard,160,A1,B,21.1,27.3,23.6,2.4,3.1,2.7,370,0,n/a,n/a,11.4
2024,Kia,EV9 Wind,Sport utility vehicle: Standard,149,A1,B,21.1,26.7,23.6,2.4,3,2.6,489,0,n/a,n/a,15.2
2024,Kia,EV9 Land AWD,Sport utility vehicle: Standard,282,A1,B,23,28,25.5,2.6,3.1,2.8,451,0,n/a,n/a,14.5
2024,Kia,EV9 Land AWD GT-Line,Sport utility vehicle: Standard,282,A1,B,23.6,29.2,26.1,2.7,3.3,2.9,435,0,n/a,n/a,15.2
2024,Kia,Niro EV,Sport utility vehicle: Small,150,A1,B,16.8,20.5,18.6,1.9,2.3,2.1,407,0,n/a,n/a,7.5
2024,Lexus,"RZ 450e AWD (18"" Wheels)",Sport utility vehicle: Small,230,A1,B,18.1,21.4,19.6,2,2.4,2.2,354,0,n/a,n/a,10
2024,Lexus,"RZ 450e AWD (20"" Wheels)",Sport utility vehicle: Small,230,A1,B,20.3,24.1,22.4,2.3,2.7,2.5,315,0,n/a,n/a,10
2024,Lucid,"Air Grand Touring XR AWD (19"" Wheels)",Full-size,611,A1,B,16.1,16.4,16.2,1.8,1.8,1.8,832,0,n/a,n/a,13
2024,Lucid,"Air Grand Touring XR AWD (20"" Wheels)",Full-size,611,A1,B,17,17.7,17.3,1.9,2,1.9,782,0,n/a,n/a,13
2024,Lucid,"Air Grand Touring XR AWD (21"" Wheels)",Full-size,611,A1,B,18.2,18.9,18.5,2,2.1,2.1,726,0,n/a,n/a,13
2024,Lucid,"Air Pure (19"" Wheels)",Full-size,330,A1,B,14.9,15.7,15.3,1.7,1.8,1.7,674,0,n/a,n/a,10
2024,Lucid,"Air Pure (20"" Wheels)",Full-size,330,A1,B,15.7,16.7,16.1,1.8,1.9,1.8,634,0,n/a,n/a,10
2024,Lucid,Air Sapphire AWD,Full-size,930,A1,B,19.4,20.7,20,2.2,2.3,2.2,687,0,n/a,n/a,13
2024,Lucid,"Air Touring AWD (19"" Wheels)",Full-size,462,A1,B,15.5,16,15.7,1.7,1.8,1.8,661,0,n/a,n/a,10
2024,Lucid,"Air Touring AWD (20"" Wheels)",Full-size,462,A1,B,16.8,17.4,17.1,1.9,2,1.9,615,0,n/a,n/a,10
2024,Lucid,"Air Touring AWD (21"" Wheels)",Full-size,462,A1,B,17.4,18.3,17.8,1.9,2.1,2,587,0,n/a,n/a,10
2024,Mazda,MX-30,Mid-size,107,A1,B,21.4,24.6,22.8,2.4,2.8,2.6,161,0,n/a,n/a,5.3
2024,Mercedes-Benz,AMG EQE 4MATIC+ Sedan,Mid-size,460,A1,B,28.6,28.6,28.6,3.2,3.2,3.2,370,0,n/a,n/a,10.5
2024,Mercedes-Benz,AMG EQE 4MATIC+ SUV,Sport utility vehicle: Standard,460,A1,B,27.3,29.8,28.6,3.1,3.3,3.2,378,0,n/a,n/a,9.5
2024,Mercedes-Benz,AMG EQS 4MATIC+ Sedan,Full-size,484,A1,B,26.4,24.5,25.5,3,2.8,2.9,483,0,n/a,n/a,11.25
2024,Mercedes-Benz,EQB 250+,Sport utility vehicle: Small,142,A1,B,20.5,23.2,21.7,2.3,2.6,2.4,359,0,n/a,n/a,7.25
2024,Mercedes-Benz,EQB 300 4MATIC,Sport utility vehicle: Small,170,A1,B,23.5,24.8,24,2.6,2.8,2.7,330,0,n/a,n/a,6.75
2024,Mercedes-Benz,EQE 350 4MATIC Sedan,Mid-size,215,A1,B,24.2,21.7,23,2.7,2.5,2.6,451,0,n/a,n/a,9.5
2024,Mercedes-Benz,EQE 350 4MATIC SUV,Sport utility vehicle: Standard,215,A1,B,23.6,25.5,24.9,2.7,2.9,2.8,426,0,n/a,n/a,9.5
2024,Mercedes-Benz,EQE 500 4MATIC Sedan,Mid-size,300,A1,B,23.6,23.6,23.6,2.6,2.6,2.6,446,0,n/a,n/a,9.5
2024,Mercedes-Benz,EQE 500 4MATIC SUV,Sport utility vehicle: Standard,300,A1,B,23.3,24.8,24,2.6,2.8,2.7,462,0,n/a,n/a,9.5
2024,Mercedes-Benz,EQS 450 4MATIC Sedan,Full-size,265,A1,B,22.6,21.4,22,2.5,2.4,2.5,555,0,n/a,n/a,12.75
2024,Mercedes-Benz,EQS 450 4MATIC SUV,Sport utility vehicle: Standard,265,A1,B,24.9,25.7,25.2,2.8,2.9,2.8,531,0,n/a,n/a,14
2024,Mercedes-Benz,EQS 580 4MATIC Sedan,Full-size,400,A1,B,22.1,21.4,21.8,2.5,2.4,2.5,555,0,n/a,n/a,12.75
2024,Mercedes-Benz,EQS 580 4MATIC SUV,Sport utility vehicle: Standard,400,A1,B,24.7,25.9,25.2,2.8,2.9,2.8,531,0,n/a,n/a,14
2024,Mercedes-Benz,Maybach EQS 680 4MATIC SUV,Sport utility vehicle: Standard,484,A1,B,25.9,25.8,25.9,2.9,2.9,2.9,517,0,n/a,n/a,14
2024,MINI,Cooper SE 3 Door,Subcompact,135,A1,B,17.6,20.9,19.1,2,2.3,2.1,183,0,n/a,n/a,4
2024,Nissan,ARIYA Engage,Station wagon: Small,160,A1,B,19.3,22.4,20.7,2.2,2.5,2.3,348,0,n/a,n/a,10
2024,Nissan,ARIYA Evolve+,Station wagon: Small,178,A1,B,20,23.1,21.4,2.2,2.6,2.4,465,0,n/a,n/a,14
2024,Nissan,ARIYA Evolve e-4ORCE,Station wagon: Small,250,A1,B,20.7,23.4,21.9,2.3,2.6,2.5,330,0,n/a,n/a,10
2024,Nissan,ARIYA Evolve+ e-4ORCE,Station wagon: Small,290,A1,B,21.5,24.3,22.8,2.4,2.7,2.5,438,0,n/a,n/a,13
2024,Nissan,ARIYA Platinum+ e-4ORCE,Station wagon: Small,290,A1,B,22.6,24.4,23.4,2.5,2.7,2.6,428,0,n/a,n/a,14
2024,Nissan,LEAF SV,Mid-size,110,A1,B,17,21.2,18.9,1.9,2.4,2.1,240,0,n/a,n/a,8
2024,Nissan,LEAF SV PLUS,Mid-size,160,A1,B,17.3,21.4,19.1,1.9,2.4,2.1,341,0,n/a,n/a,11
2024,Polestar,"2 Single Motor (19"" Wheels)",Mid-size,220,A1,B,16.8,19.8,18.2,1.9,2.2,2,515,0,n/a,n/a,8
2024,Polestar,"2 Single Motor (20"" Wheels)",Mid-size,220,A1,B,17.4,20.5,18.6,2,2.3,2.1,494,0,n/a,n/a,8
2024,Polestar,"2 Dual Motor (19"" Wheels)",Mid-size,310,A1,B,18.7,21,19.7,2.1,2.4,2.2,444,0,n/a,n/a,8
2024,Polestar,"2 Dual Motor (20"" Wheels)",Mid-size,310,A1,B,19.3,21.7,20.5,2.2,2.5,2.3,428,0,n/a,n/a,8
2024,Polestar,2 Dual Motor Performance Pack,Mid-size,335,A1,B,21.1,23.6,21.7,2.4,2.6,2.5,397,0,n/a,n/a,8
2024,Rivian,"R1S All-Terrain Dual Large (20"" Wheels)",Sport utility vehicle: Standard,418,A1,B,29,32.5,30.6,3.3,3.6,3.4,494,0,n/a,n/a,13
2024,Rivian,"R1S AT Performance Dual Large (20"" Wheels)",Sport utility vehicle: Standard,496,A1,B,29,32.5,30.6,3.3,3.6,3.4,494,0,n/a,n/a,13
2024,Rivian,"R1S Dual Large (21"" Wheels)",Sport utility vehicle: Standard,418,A1,B,25.6,28.4,26.9,2.9,3.2,3,566,0,n/a,n/a,13
2024,Rivian,"R1S Performance Dual Large (21"" Wheels)",Sport utility vehicle: Standard,496,A1,B,25.6,28.4,26.9,2.9,3.2,3,566,0,n/a,n/a,13
2024,Rivian,"R1S Dual Large (22"" Wheels)",Sport utility vehicle: Standard,418,A1,B,26.3,29.6,27.8,3,3.3,3.1,549,0,n/a,n/a,13
2024,Rivian,"R1S Performance Dual Large (22"" Wheels)",Sport utility vehicle: Standard,496,A1,B,26.3,29.6,27.8,3,3.3,3.1,549,0,n/a,n/a,13
2024,Rivian,"R1S All-Terrain Dual Max (20"" Wheels)",Sport utility vehicle: Standard,418,A1,B,26.7,31.1,28.7,3,3.5,3.2,571,0,n/a,n/a,14.5
2024,Rivian,"R1S All-Terrain Performance Dual Max (20"" Wheels)",Sport utility vehicle: Standard,496,A1,B,26.7,31.1,28.7,3,3.5,3.2,571,0,n/a,n/a,14.5
2024,Rivian,"R1S Dual Max (21"" Wheels)",Sport utility vehicle: Standard,418,A1,B,23.5,27.7,25.4,2.6,3.1,2.9,644,0,n/a,n/a,14.5
2024,Rivian,"R1S Performance Dual Max (21"" Wheels)",Sport utility vehicle: Standard,496,A1,B,23.5,27.7,25.4,2.6,3.1,2.9,644,0,n/a,n/a,14.5
2024,Rivian,"R1S Dual Max (22"" Wheels)",Sport utility vehicle: Standard,418,A1,B,25,29.3,26.9,2.8,3.3,3,612,0,n/a,n/a,14.5
2024,Rivian,"R1S Performance Dual Max (22"" Wheels)",Sport utility vehicle: Standard,496,A1,B,25,29.3,26.9,2.8,3.3,3,612,0,n/a,n/a,14.5
2024,Rivian,"R1S Quad Large (20"" Wheels)",Sport utility vehicle: Standard,650,A1,B,30.5,35.1,32.5,3.4,3.9,3.7,465,0,n/a,n/a,13
2024,Rivian,"R1S All-Terrain Quad Large (20"" Wheels)",Sport utility vehicle: Standard,650,A1,B,32,35,33.4,3.6,3.9,3.7,441,0,n/a,n/a,13
2024,Rivian,"R1S Quad Large (21"" Wheels)",Sport utility vehicle: Standard,650,A1,B,27.8,31.5,29.5,3.1,3.5,3.3,517,0,n/a,n/a,13
2024,Rivian,"R1S Quad Large (22"" Wheels)",Sport utility vehicle: Standard,650,A1,B,28.7,33.1,30.7,3.2,3.7,3.4,488,0,n/a,n/a,13
2024,Rivian,"R1T All-Terrain Dual Large (20"" Wheels)",Pickup truck: Standard,418,A1,B,29,32.5,30.6,3.3,3.6,3.4,494,0,n/a,n/a,13
2024,Rivian,"R1T AT Performance Dual Large (20"" Wheels)",Pickup truck: Standard,496,A1,B,29,32.5,30.6,3.3,3.6,3.4,494,0,n/a,n/a,13
2024,Rivian,"R1T Dual Large (21"" Wheels)",Pickup truck: Standard,418,A1,B,25.6,28.4,26.9,2.9,3.2,3,566,0,n/a,n/a,13
2024,Rivian,"R1T Performance Dual Large (21"" Wheels)",Pickup truck: Standard,496,A1,B,25.6,28.4,26.9,2.9,3.2,3,566,0,n/a,n/a,13
2024,Rivian,"R1T Dual Large (22"" Wheels)",Pickup truck: Standard,418,A1,B,26.1,29.5,27.6,2.9,3.3,3.1,549,0,n/a,n/a,13
2024,Rivian,"R1T Performance Dual Large (22"" Wheels)",Pickup truck: Standard,496,A1,B,26.1,29.5,27.6,2.9,3.3,3.1,549,0,n/a,n/a,13
2024,Rivian,"R1T All-Terrain Dual Max (20"" Wheels)",Pickup truck: Standard,418,A1,B,26.7,31.1,28.7,3,3.5,3.2,571,0,n/a,n/a,14.5
2024,Rivian,"R1T All-Terrain Performance Dual Max (20"" Wheels)",Pickup truck: Standard,496,A1,B,26.7,31.1,28.7,3,3.5,3.2,571,0,n/a,n/a,14.5
2024,Rivian,"R1T Dual Max (21"" Wheels)",Pickup truck: Standard,418,A1,B,23,27,24.8,2.6,3,2.8,661,0,n/a,n/a,14.5
2024,Rivian,"R1T Performance Dual Max (21"" Wheels)",Pickup truck: Standard,496,A1,B,23,27,24.8,2.6,3,2.8,661,0,n/a,n/a,14.5
2024,Rivian,"R1T Dual Max (22"" Wheels)",Pickup truck: Standard,418,A1,B,25,29.3,26.9,2.8,3.3,3,612,0,n/a,n/a,14.5
2024,Rivian,"R1T Performance Dual Max (22"" Wheels)",Pickup truck: Standard,496,A1,B,25,29.3,26.9,2.8,3.3,3,612,0,n/a,n/a,14.5
2024,Rivian,"R1T Quad Large (20"" Wheels)",Pickup truck: Standard,650,A1,B,30.5,35.1,32.5,3.4,3.9,3.7,465,0,n/a,n/a,13
2024,Rivian,"R1T All-Terrain Quad Large (20"" Wheels)",Pickup truck: Standard,650,A1,B,32,35,33.4,3.6,3.9,3.7,441,0,n/a,n/a,13
2024,Rivian,"R1T Quad Large (21"" Wheels)",Pickup truck: Standard,650,A1,B,27.4,30.2,28.7,3.1,3.4,3.2,528,0,n/a,n/a,13
2024,Rivian,"R1T Quad Large (22"" Wheels)",Pickup truck: Standard,650,A1,B,28.7,33.1,30.7,3.2,3.7,3.4,488,0,n/a,n/a,13
2024,Rolls-Royce,"Spectre (22"" Wheels)",Compact,430,A1,B,27,24.2,25.8,3,2.7,2.9,468,0,n/a,n/a,11
2024,Rolls-Royce,"Spectre (23"" Wheels)",Compact,430,A1,B,29.7,26.5,28.2,3.3,3,3.2,428,0,n/a,n/a,11
2024,Rolls-Royce,"Black Badge Spectre (22"" Wheels)",Compact,485,A1,B,28.3,25,26.8,3.2,2.8,3,451,0,n/a,n/a,11
2024,Rolls-Royce,"Black Badge Spectre (23"" Wheels)",Compact,485,A1,B,29.7,27.1,28.5,3.3,3,3.2,425,0,n/a,n/a,11
2024,Subaru,Solterra AWD,Sport utility vehicle: Small,160,A1,B,18.8,22.6,20.5,2.1,2.5,2.3,359,0,n/a,n/a,11
2024,Tesla,Model 3 RWD,Mid-size,192,A1,B,15,16.8,15.8,1.7,1.9,1.8,438,0,n/a,n/a,8.5
2024,Tesla,Model 3 RWD (Import),Mid-size,202,A1,B,14.7,16.2,15.4,1.7,1.8,1.7,438,0,n/a,n/a,8.5
2024,Tesla,Model 3 Long Range AWD,Mid-size,276,A1,B,15.3,16.9,16.1,1.7,1.9,1.8,549,0,n/a,n/a,10
2024,Tesla,Model 3 Long Range AWD (Import),Mid-size,280,A1,B,15.5,17,16.2,1.7,1.9,1.8,549,0,n/a,n/a,10
2024,Tesla,Model S,Full-size,494,A1,B,16.5,18.1,17.2,1.9,2,1.9,647,0,n/a,n/a,15
2024,Tesla,"Model S Plaid (19"" Wheels)",Full-size,750,A1,B,18.8,20.4,19.6,2.1,2.3,2.2,578,0,n/a,n/a,15
2024,Tesla,"Model S Plaid (21"" Wheels)",Full-size,750,A1,B,21,22.9,21.9,2.4,2.6,2.5,515,0,n/a,n/a,15
2024,Tesla,Model X,Sport utility vehicle: Standard,494,A1,B,20,21.9,20.9,2.3,2.5,2.3,539,0,n/a,n/a,14
2024,Tesla,"Model X Plaid (20"" Wheels)",Sport utility vehicle: Standard,750,A1,B,20.5,22.7,21.5,2.3,2.5,2.4,525,0,n/a,n/a,14
2024,Tesla,"Model X Plaid (22"" Wheels)",Sport utility vehicle: Standard,750,A1,B,22.2,24.3,23.2,2.5,2.7,2.6,483,0,n/a,n/a,14
2024,Tesla,Model Y RWD,Sport utility vehicle: Small,203,A1,B,16.6,18.1,17.3,1.9,2,1.9,394,0,n/a,n/a,8
2024,Tesla,Model Y Long Range AWD,Sport utility vehicle: Small,291,A1,B,17.4,18.2,17.8,2,2,2,497,0,n/a,n/a,10
2024,Tesla,Model Y Performance,Sport utility vehicle: Small,314,A1,B,18.3,20.4,19.2,2.1,2.3,2.2,459,0,n/a,n/a,10
2024,Toyota,bZ4X,Sport utility vehicle: Small,150,A1,B,16,19.5,17.6,1.8,2.2,2,406,0,n/a,n/a,11
2024,Toyota,bZ4X AWD,Sport utility vehicle: Small,160,A1,B,18.4,22.3,20.1,2.1,2.5,2.3,367,0,n/a,n/a,11
2024,VinFast,VF8 ECO,Sport utility vehicle: Small,260,A1,B,26.4,29.5,27.8,3,3.3,3.1,425,0,n/a,n/a,12
2024,VinFast,VF8 PLUS,Sport utility vehicle: Small,260,A1,B,28.4,30.8,29.5,3.2,3.5,3.3,356,0,n/a,n/a,12
2024,VinFast,VF8 PLUS Performance,Sport utility vehicle: Small,300,A1,B,43.8,48.4,45.9,4.9,5.4,5.2,391,0,n/a,n/a,12
2024,VinFast,VF9 ECO,Sport utility vehicle: Standard,300,A1,B,26.6,29.5,27.9,3,3.3,3.1,531,0,n/a,n/a,15
2024,VinFast,VF9 PLUS,Sport utility vehicle: Standard,300,A1,B,29.4,31.9,30.5,3.3,3.6,3.4,468,0,n/a,n/a,15
2024,Volkswagen,ID.4,Sport utility vehicle: Small,150,A1,B,18.2,21.3,19.6,2,2.4,2.2,332,0,n/a,n/a,6
2024,Volkswagen,ID.4 S,Sport utility vehicle: Small,150,A1,B,18.2,21.3,19.6,2,2.4,2.2,332,0,n/a,n/a,6
2024,Volkswagen,ID.4 Pro,Sport utility vehicle: Small,210,A1,B,17.1,20.2,18.5,1.9,2.3,2.1,468,0,n/a,n/a,8
2024,Volkswagen,ID.4 Pro S,Sport utility vehicle: Small,210,A1,B,17.1,20.2,18.5,1.9,2.3,2.1,468,0,n/a,n/a,8
2024,Volkswagen,ID.4 AWD Pro,Sport utility vehicle: Small,250,A1,B,19.4,21.9,20.5,2.2,2.5,2.3,423,0,n/a,n/a,8
2024,Volkswagen,ID.4 AWD Pro S,Sport utility vehicle: Small,250,A1,B,19.4,21.9,20.5,2.2,2.5,2.3,423,0,n/a,n/a,8
2024,Volvo,C40 Recharge,Sport utility vehicle: Small,185,A1,B,17.8,21.8,19.6,2,2.4,2.2,478,0,n/a,n/a,8
2024,Volvo,C40 Recharge Twin,Sport utility vehicle: Small,300,A1,B,19.8,23,21.2,2.2,2.6,2.4,414,0,n/a,n/a,8
2024,Volvo,XC40 Recharge,Sport utility vehicle: Small,185,A1,B,17.8,22,19.7,2,2.5,2.2,472,0,n/a,n/a,8
2024,Volvo,XC40 Recharge Twin,Sport utility vehicle: Small,300,A1,B,19.8,23.4,21.4,2.2,2.6,2.4,409,0,n/a,n/a,8
