Model year,Make,Model,Vehicle class,Engine size (L),Cylinders,Transmission,Fuel type,City (L/100 km),Highway (L/100 km),Combined (L/100 km),Combined (mpg),CO2 emissions (g/km),CO2 rating,Smog rating
2024,Acura,Integra A-SPEC,Full-size,1.5,4,AV7,Z,8.1,6.5,7.4,38,172,6,7
2024,Acura,Integra A-SPEC,Full-size,1.5,4,M6,Z,8.9,6.5,7.8,36,181,6,6
2024,Acura,Integra Type S,Full-size,2.0,4,M6,Z,11.1,8.3,9.9,29,230,5,6
2024,Acura,MDX SH-AWD,Sport utility vehicle: Small,3.5,6,AS10,Z,12.6,9.4,11.2,25,263,4,5
2024,Acura,MDX SH-AWD Type S,Sport utility vehicle: Standard,3.0,6,AS10,Z,13.8,11.2,12.4,23,291,4,5
2024,Acura,RDX SH-AWD,Sport utility vehicle: Small,2.0,4,AS10,Z,11.0,8.6,9.9,29,232,5,6
2024,Acura,RDX SH-AWD A-SPEC,Sport utility vehicle: Small,2.0,4,AS10,Z,11.3,9.1,10.3,27,241,5,6
2024,Alfa Romeo,Giulia,Mid-size,2.0,4,A8,Z,10.0,7.2,8.7,32,205,5,5
2024,Alfa Romeo,Giulia AWD,Mid-size,2.0,4,A8,Z,10.5,7.7,9.2,31,217,5,5
2024,Alfa Romeo,Giulia Quadrifoglio,Mid-size,2.9,6,A8,Z,13.5,9.3,11.6,24,271,4,3
2024,Alfa Romeo,Stelvio,Sport utility vehicle: Small,2.0,4,A8,Z,10.3,8.1,9.3,30,218,5,5
2024,Alfa Romeo,Stelvio AWD,Sport utility vehicle: Small,2.0,4,A8,Z,10.8,8.3,9.6,29,226,5,5
2024,Alfa Romeo,Stelvio AWD Quadrifoglio,Sport utility vehicle: Small,2.9,6,A8,Z,13.9,10.3,12.3,23,288,4,3
2024,Alfa Romeo,Tonale AWD,Sport utility vehicle: Small,2.0,4,A9,X,11.2,8.2,9.8,29,231,5,7
2024,Aston Martin,DB12,Minicompact,4.0,8,A8,Z,15.9,10.5,13.5,21,316,3,5
2024,Aston Martin,DBS V12,Minicompact,5.2,12,A8,Z,16.4,10.7,13.8,20,324,3,3
2024,Aston Martin,DBX V8,Sport utility vehicle: Standard,4.0,8,A9,Z,16.8,11.9,14.6,19,343,3,5
2024,Aston Martin,DBX707,Sport utility vehicle: Standard,4.0,8,A9,Z,15.7,12.0,14.0,20,329,3,5
2024,Aston Martin,Valour,Two-seater,5.2,12,M6,Z,18.9,13.1,16.3,17,383,2,3
2024,Audi,A3 40 TFSI quattro,Subcompact,2.0,4,AM7,X,9.2,6.9,8.1,35,191,6,7
2024,Audi,A4 45 TFSI quattro,Compact,2.0,4,AM7,Z,10.0,7.4,8.8,32,208,5,5
2024,Audi,A4 allroad 45 TFSI quattro,Station wagon: Small,2.0,4,AM7,Z,10.3,7.8,9.2,31,215,5,5
2024,Audi,A5 Cabriolet 45 TFSI quattro,Subcompact,2.0,4,AM7,Z,9.8,7.1,8.6,33,202,5,5
2024,Audi,A5 Coupé 45 TFSI quattro,Subcompact,2.0,4,AM7,Z,10.0,7.4,8.8,32,208,5,5
2024,Audi,A5 Sportback 45 TFSI quattro,Mid-size,2.0,4,AM7,Z,10.0,7.4,8.8,32,208,5,5
2024,Audi,A6 45 TFSI quattro,Mid-size,2.0,4,AM7,Z,10.4,7.2,9.0,31,210,5,5
2024,Audi,A6 55 TFSI quattro,Mid-size,3.0,6,AM7,Z,10.9,8.0,9.6,29,225,5,5
2024,Audi,A6 allroad 55 TFSI quattro,Station wagon: Mid-size,3.0,6,AM7,Z,10.9,8.0,9.6,29,225,5,5
2024,Audi,A7 Sportback 55 TFSI quattro,Mid-size,3.0,6,AM7,Z,10.9,8.0,9.6,29,225,5,5
2024,Audi,A8 L 55 TFSI quattro,Full-size,3.0,6,AS8,Z,12.4,8.4,10.6,27,249,5,5
2024,Audi,Q3 40 TFSI quattro,Sport utility vehicle: Small,2.0,4,AS8,X,10.7,8.1,9.5,30,224,5,6
2024,Audi,Q3 45 TFSI quattro,Sport utility vehicle: Small,2.0,4,AS8,X,11.5,8.5,10.2,28,239,5,7
2024,Audi,Q5 40 TFSI quattro,Sport utility vehicle: Small,2.0,4,AM7,Z,10.1,8.0,9.2,31,215,5,5
2024,Audi,Q5 45 TFSI quattro,Sport utility vehicle: Small,2.0,4,AM7,Z,11.0,8.5,9.9,29,230,5,5
2024,Audi,Q5 Sportback 45 TFSI quattro,Sport utility vehicle: Small,2.0,4,AM7,Z,11.0,8.5,9.9,29,230,5,5
2024,Audi,Q7 45 TFSI quattro,Sport utility vehicle: Standard,2.0,4,AS8,Z,12.3,9.4,11.0,26,258,4,5
2024,Audi,Q7 55 TFSI quattro,Sport utility vehicle: Standard,3.0,6,AS8,Z,12.7,9.8,11.4,25,268,4,5
2024,Audi,Q8 55 TFSI quattro,Sport utility vehicle: Standard,3.0,6,AS8,Z,13.6,10.4,12.1,23,285,4,5
2024,Audi,RS 5 Coupé,Subcompact,2.9,6,AS8,Z,12.9,9.3,11.3,25,264,4,5
2024,Audi,RS 5 Sportback,Mid-size,2.9,6,AS8,Z,13.3,9.6,11.6,24,272,4,5
2024,Audi,RS 6 Avant performance,Station wagon: Mid-size,4.0,8,AS8,Z,16.9,11.0,14.2,20,335,3,3
2024,Audi,RS 7 Sportback performance,Mid-size,4.0,8,AS8,Z,16.9,11.0,14.2,20,335,3,3
2024,Audi,RS Q8,Sport utility vehicle: Standard,4.0,8,AS8,Z,17.7,12.4,15.3,18,357,2,3
2024,Audi,S3 quattro,Subcompact,2.0,4,AM7,Z,10.2,7.4,8.9,32,208,5,5
2024,Audi,S4 quattro,Compact,3.0,6,AS8,Z,11.1,8.1,9.7,29,228,5,5
2024,Audi,S5 Cabriolet quattro,Subcompact,3.0,6,AS8,Z,11.9,8.8,10.5,27,247,5,5
2024,Audi,S5 Coupé quattro,Subcompact,3.0,6,AS8,Z,11.1,8.1,9.7,29,228,5,5
2024,Audi,S5 Sportback quattro,Mid-size,3.0,6,AS8,Z,11.8,8.2,10.2,28,238,5,5
2024,Audi,S6 quattro,Mid-size,2.9,6,AS8,Z,12.3,8.8,10.7,26,252,5,5
2024,Audi,S7 quattro,Mid-size,2.9,6,AS8,Z,12.3,8.8,10.7,26,252,5,5
2024,Audi,S8 quattro,Full-size,4.0,8,AS8,Z,16.0,10.0,13.3,21,312,4,3
2024,Audi,SQ5 quattro,Sport utility vehicle: Small,3.0,6,AS8,Z,12.6,9.8,11.4,25,266,4,5
2024,Audi,SQ5 Sportback quattro,Sport utility vehicle: Small,3.0,6,AS8,Z,12.6,9.8,11.4,25,266,4,5
2024,Audi,SQ7 quattro,Sport utility vehicle: Standard,4.0,8,AS8,Z,16.0,11.5,13.9,20,326,3,3
2024,Audi,SQ8 quattro,Sport utility vehicle: Standard,4.0,8,AS8,Z,15.6,11.5,13.8,20,322,3,3
2024,Bentley,Bentayga,Sport utility vehicle: Standard,4.0,8,AS8,Z,17.1,11.4,14.6,19,343,3,3
2024,Bentley,Bentayga EWB,Sport utility vehicle: Standard,4.0,8,AS8,Z,17.1,11.4,14.6,19,343,3,3
2024,Bentley,Continental GT,Subcompact,4.0,8,AM8,Z,16.4,10.5,13.7,21,322,3,3
2024,Bentley,Continental GT,Subcompact,6.0,12,AM8,Z,19.2,11.4,15.7,18,367,2,3
2024,Bentley,Continental GT Convertible,Minicompact,4.0,8,AM8,Z,16.7,11.4,14.3,20,337,3,3
2024,Bentley,Continental GT Convertible,Minicompact,6.0,12,AM8,Z,19.8,12.7,16.6,17,388,2,3
2024,Bentley,Flying Spur,Mid-size,4.0,8,AM8,Z,16.1,11.9,14.2,20,333,3,3
2024,Bentley,Flying Spur,Mid-size,6.0,12,AM8,Z,19.3,12.4,16.2,17,378,2,3
2024,BMW,230i xDrive Coupe,Subcompact,2.0,4,AS8,Z,9.6,7.1,8.4,34,195,6,3
2024,BMW,330i xDrive Sedan,Compact,2.0,4,AS8,Z,9.8,7.0,8.6,33,200,6,7
2024,BMW,430i xDrive Cabriolet,Subcompact,2.0,4,AS8,Z,10.0,7.1,8.7,32,203,5,7
2024,BMW,430i xDrive Coupe,Subcompact,2.0,4,AS8,Z,10.0,7.1,8.7,32,203,5,7
2024,BMW,530i xDrive Sedan,Mid-size,2.0,4,AS8,Z,8.7,6.8,7.9,36,182,6,7
2024,BMW,760i xDrive Sedan,Full-size,4.4,8,AS8,Z,13.3,9.3,11.5,25,265,4,5
2024,BMW,ALPINA B8 Gran Coupe,Mid-size,4.4,8,AS8,Z,14.1,9.9,12.2,23,284,4,3
2024,BMW,ALPINA XB7,Sport utility vehicle: Standard,4.4,8,AS8,Z,15.2,11.6,13.6,21,314,4,5
2024,BMW,M2 Coupe,Subcompact,3.0,6,AS8,Z,14.6,10.3,12.7,22,294,4,5
2024,BMW,M2 Coupe,Subcompact,3.0,6,M6,Z,14.3,10.0,12.4,23,287,4,5
2024,BMW,M240i xDrive Coupe,Subcompact,3.0,6,AS8,Z,10.4,7.4,9.0,31,210,5,5
2024,BMW,M3 Sedan,Compact,3.0,6,M6,Z,14.7,10.1,12.6,22,293,4,5
2024,BMW,M3 Competition M xDrive Sedan,Compact,3.0,6,AS8,Z,14.6,10.5,12.7,22,296,4,5
2024,BMW,M3 CS Sedan,Compact,3.0,6,AS8,Z,15.3,10.6,13.2,21,305,4,5
2024,BMW,M340i xDrive Sedan,Compact,3.0,6,AS8,Z,10.4,7.5,9.1,31,212,5,5
2024,BMW,M4 Competition M xDrive Cabriolet,Subcompact,3.0,6,AS8,Z,15.1,10.4,12.9,22,301,4,5
2024,BMW,M4 Competition M xDrive Coupe,Subcompact,3.0,6,AS8,Z,14.6,10.5,12.7,22,296,4,5
2024,BMW,M4 Coupe,Subcompact,3.0,6,M6,Z,14.7,10.1,12.6,22,293,4,5
2024,BMW,M440i xDrive Cabriolet,Subcompact,3.0,6,AS8,Z,10.4,7.5,9.1,31,211,5,5
2024,BMW,M440i xDrive Coupe,Subcompact,3.0,6,AS8,Z,10.7,7.5,9.3,30,216,5,5
2024,BMW,M8 Competition Cabriolet,Subcompact,4.4,8,AS8,Z,16.0,10.9,13.7,21,321,3,3
2024,BMW,M8 Competition Coupe,Subcompact,4.4,8,AS8,Z,16.0,10.9,13.7,21,321,3,3
2024,BMW,M8 Competition Gran Coupe,Mid-size,4.4,8,AS8,Z,16.0,10.9,13.7,21,321,3,3
2024,BMW,M850i xDrive Cabriolet,Subcompact,4.4,8,AS8,Z,14.1,9.9,12.2,23,284,4,3
2024,BMW,M850i xDrive Coupe,Subcompact,4.4,8,AS8,Z,14.1,9.9,12.2,23,284,4,3
2024,BMW,M850i xDrive Gran Coupe,Mid-size,4.4,8,AS8,Z,14.1,9.9,12.2,23,284,4,3
2024,BMW,X1 xDrive28i,Sport utility vehicle: Small,2.0,4,AM7,Z,9.6,7.0,8.4,34,195,6,8
2024,BMW,X1 M35i xDrive,Sport utility vehicle: Small,2.0,4,AM7,Z,10.1,7.6,9.0,31,208,5,6
2024,BMW,X2 xDrive28i,Sport utility vehicle: Small,2.0,4,AM7,Z,9.7,7.1,8.5,33,198,6,8
2024,BMW,X2 M35i xDrive,Sport utility vehicle: Small,2.0,4,AM7,Z,10.3,7.3,8.9,32,207,5,6
2024,BMW,X3 xDrive30i,Sport utility vehicle: Small,2.0,4,AS8,Z,11.0,8.4,9.9,29,229,5,7
2024,BMW,X3 M,Sport utility vehicle: Small,3.0,6,AS8,Z,15.7,11.7,13.9,20,323,3,3
2024,BMW,X3 M Competition,Sport utility vehicle: Small,3.0,6,AS8,Z,15.7,11.7,13.9,20,323,3,3
2024,BMW,X3 M40i,Sport utility vehicle: Small,3.0,6,AS8,Z,10.9,9.0,10.1,28,235,5,5
2024,BMW,X4 xDrive30i,Sport utility vehicle: Small,2.0,4,AS8,Z,11.0,8.4,9.9,29,229,5,7
2024,BMW,X4 M,Sport utility vehicle: Small,3.0,6,AS8,Z,15.7,11.7,13.9,20,323,3,3
2024,BMW,X4 M Competition,Sport utility vehicle: Small,3.0,6,AS8,Z,15.7,11.7,13.9,20,323,3,3
2024,BMW,X4 M40i,Sport utility vehicle: Small,3.0,6,AS8,Z,10.9,9.0,10.1,28,235,5,5
2024,BMW,X5 xDrive40i,Sport utility vehicle: Standard,3.0,6,AS8,Z,10.1,8.7,9.4,30,218,5,7
2024,BMW,X5 M Competition,Sport utility vehicle: Standard,4.4,8,AS8,Z,18.2,12.9,15.8,18,366,2,5
2024,BMW,X5 M60i,Sport utility vehicle: Standard,4.4,8,AS8,Z,13.8,10.5,12.3,23,285,4,5
2024,BMW,X6 xDrive40i,Sport utility vehicle: Standard,3.0,6,AS8,Z,10.3,8.9,9.6,29,223,5,7
2024,BMW,X6 M Competition,Sport utility vehicle: Standard,4.4,8,AS8,Z,18.2,12.9,15.8,18,366,2,5
2024,BMW,X6 M60i,Sport utility vehicle: Standard,4.4,8,AS8,Z,13.8,10.5,12.3,23,285,4,5
2024,BMW,X7 xDrive40i,Sport utility vehicle: Standard,3.0,6,AS8,Z,11.3,9.5,10.5,27,243,5,7
2024,BMW,X7 M60i,Sport utility vehicle: Standard,4.4,8,AS8,Z,14.3,11.1,12.9,22,299,4,5
2024,BMW,Z4 sDrive30i,Two-seater,2.0,4,AS8,Z,9.4,7.1,8.4,34,194,6,7
2024,BMW,Z4 M40i,Two-seater,3.0,6,AS8,Z,10.4,7.5,9.1,31,210,5,5
2024,Bugatti,Chiron Super Sport,Two-seater,8.0,16,AM7,Z,30.3,20.9,26.1,11,608,1,1
2024,Buick,Enclave AWD,Sport utility vehicle: Standard,3.6,6,A9,X,13.8,9.6,11.9,24,280,4,6
2024,Buick,Encore GX,Sport utility vehicle: Small,1.3,3,AV,X,8.0,7.6,7.8,36,183,6,7
2024,Buick,Encore GX AWD,Sport utility vehicle: Small,1.3,3,A9,X,9.1,8.4,8.8,32,207,5,7
2024,Buick,Envision AWD,Sport utility vehicle: Small,2.0,4,AS9,X,10.8,8.3,9.7,29,229,5,7
2024,Buick,Envista,Station wagon: Small,1.2,3,A6,X,8.4,7.4,7.9,36,185,6,7
2024,Cadillac,CT4,Compact,2.0,4,AS8,Z,10.6,7.3,9.1,31,214,5,7
2024,Cadillac,CT4,Compact,2.7,4,AS10,Z,11.0,7.6,9.5,30,221,5,6
2024,Cadillac,CT4 AWD,Compact,2.0,4,AS8,Z,11.0,7.6,9.5,30,223,5,7
2024,Cadillac,CT4 AWD,Compact,2.7,4,AS10,Z,11.3,8.1,9.9,29,231,5,6
2024,Cadillac,CT4-V,Compact,2.7,4,AS10,Z,11.8,8.2,10.2,28,236,5,6
2024,Cadillac,CT4-V,Compact,3.6,6,AS10,Z,15.0,9.7,12.6,22,297,4,5
2024,Cadillac,CT4-V,Compact,3.6,6,M6,Z,15.2,10.2,13.0,22,303,4,5
2024,Cadillac,CT4-V AWD,Compact,2.7,4,AS10,Z,12.0,8.4,10.4,27,244,5,6
2024,Cadillac,CT5,Mid-size,2.0,4,AS10,Z,10.3,7.1,8.8,32,207,5,7
2024,Cadillac,CT5,Mid-size,3.0,6,AS10,Z,12.4,8.7,10.8,26,252,5,5
2024,Cadillac,CT5 AWD,Mid-size,2.0,4,AS10,Z,10.9,7.8,9.5,30,224,5,7
2024,Cadillac,CT5 AWD,Mid-size,3.0,6,AS10,Z,13.1,9.1,11.3,25,265,4,5
2024,Cadillac,CT5-V,Mid-size,3.0,6,AS10,Z,13.1,8.8,11.2,25,263,4,5
2024,Cadillac,CT5-V,Mid-size,6.2,8,AS10,Z,17.9,11.0,14.8,19,347,3,3
2024,Cadillac,CT5-V,Mid-size,6.2,8,M6,Z,18.5,11.4,15.3,18,358,2,3
2024,Cadillac,CT5-V AWD,Mid-size,3.0,6,AS10,Z,13.1,9.1,11.3,25,265,4,5
2024,Cadillac,Escalade 4WD,Sport utility vehicle: Standard,3.0,6,A10,D,11.7,9.0,10.5,27,281,4,3
2024,Cadillac,Escalade 4WD,Sport utility vehicle: Standard,6.2,8,A10,Z,16.6,13.0,15.0,19,350,3,6
2024,Cadillac,Escalade-V AWD,Sport utility vehicle: Standard,6.2,8,AS10,Z,20.8,14.7,18.1,16,425,1,3
2024,Cadillac,XT4,Sport utility vehicle: Small,2.0,4,AS9,Z,10.0,8.1,9.1,31,214,5,7
2024,Cadillac,XT4 AWD,Sport utility vehicle: Small,2.0,4,AS9,Z,10.4,8.4,9.5,30,224,5,7
2024,Cadillac,XT5,Sport utility vehicle: Small,2.0,4,AS9,Z,10.9,8.2,9.7,29,228,5,7
2024,Cadillac,XT5 AWD,Sport utility vehicle: Small,2.0,4,AS9,Z,11.2,8.7,10.1,28,237,5,7
2024,Cadillac,XT5 AWD,Sport utility vehicle: Small,3.6,6,AS9,X,12.9,9.2,11.2,25,264,4,6
2024,Cadillac,XT6 AWD,Sport utility vehicle: Small,2.0,4,AS9,Z,11.2,9.0,10.2,28,239,5,7
2024,Cadillac,XT6 AWD,Sport utility vehicle: Small,3.6,6,AS9,X,13.1,9.5,11.5,25,269,4,6
2024,Chevrolet,Blazer AWD,Sport utility vehicle: Small,2.0,4,A9,X,10.8,8.7,9.9,29,229,5,7
2024,Chevrolet,Blazer AWD,Sport utility vehicle: Small,3.6,6,A9,X,12.8,9.1,11.2,25,262,4,6
2024,Chevrolet,Camaro,Subcompact,3.6,6,AS10,X,12.8,8.2,10.7,26,253,5,6
2024,Chevrolet,Camaro,Subcompact,3.6,6,M6,X,14.3,9.0,11.9,24,280,4,6
2024,Chevrolet,Camaro SS,Subcompact,6.2,8,AS10,Z,14.6,8.9,12.0,24,281,4,1
2024,Chevrolet,Camaro SS,Subcompact,6.2,8,M6,Z,14.9,9.9,12.6,22,297,4,1
2024,Chevrolet,Camaro ZL1,Subcompact,6.2,8,AS10,Z,18.3,11.2,15.1,19,355,3,1
2024,Chevrolet,Camaro ZL1,Subcompact,6.2,8,M6,Z,17.2,12.0,14.9,19,349,3,1
2024,Chevrolet,Colorado,Pickup truck: Small,2.7,4,A8,X,11.8,9.9,10.9,26,256,5,7
2024,Chevrolet,Colorado (Turbo Plus),Pickup truck: Small,2.7,4,A8,X,12.3,9.7,11.1,25,261,4,7
2024,Chevrolet,Colorado 4WD,Pickup truck: Small,2.7,4,A8,X,12.7,10.8,11.8,24,278,4,7
2024,Chevrolet,Colorado 4WD (Turbo Plus),Pickup truck: Small,2.7,4,A8,X,13.0,10.4,11.8,24,277,4,7
2024,Chevrolet,Colorado 4WD Mud Terrain Tire (Turbo Plus),Pickup truck: Small,2.7,4,A8,X,14.0,11.9,13.1,22,307,4,7
2024,Chevrolet,Colorado ZR2 4WD (Turbo Plus),Pickup truck: Small,2.7,4,A8,X,14.1,13.8,14.0,20,328,3,7
2024,Chevrolet,Colorado ZR2 Bison 4WD (Turbo Plus),Pickup truck: Small,2.7,4,A8,X,14.8,15.1,14.9,19,350,3,7
2024,Chevrolet,Corvette,Two-seater,6.2,8,AS8,Z,15.0,9.4,12.5,23,295,4,5
2024,Chevrolet,Corvette E-Ray,Two-seater,6.2,8,AS8,Z,15.1,9.7,12.7,22,298,4,3
2024,Chevrolet,Corvette Z06,Two-seater,5.5,8,AS8,Z,19.4,11.4,15.8,18,371,2,3
2024,Chevrolet,Corvette Z06 Carbon Aero,Two-seater,5.5,8,AS8,Z,20.0,12.7,16.7,17,392,2,3
2024,Chevrolet,Equinox,Sport utility vehicle: Small,1.5,4,A6,X,9.2,7.7,8.5,33,193,6,7
2024,Chevrolet,Equinox AWD,Sport utility vehicle: Small,1.5,4,A6,X,9.7,7.9,8.9,32,207,5,7
2024,Chevrolet,Malibu,Mid-size,1.5,4,AV,X,8.4,6.7,7.7,37,178,6,7
2024,Chevrolet,Silverado,Pickup truck: Standard,2.7,4,A8,X,12.9,10.9,12.0,24,281,4,7
2024,Chevrolet,Silverado (With Sport Mode),Pickup truck: Standard,2.7,4,A8,X,13.4,11.2,12.5,23,292,4,7
2024,Chevrolet,Silverado,Pickup truck: Standard,3.0,6,A10,D,10.1,8.1,9.2,31,247,5,5
2024,Chevrolet,Silverado,Pickup truck: Standard,5.3,8,A10,X,14.7,11.4,13.2,21,309,4,7
2024,Chevrolet,Silverado FFV,Pickup truck: Standard,5.3,8,A10,X,14.3,11.7,13.1,22,308,4,5
2024,Chevrolet,Silverado FFV,Pickup truck: Standard,5.3,8,A10,E,19.6,15.3,17.7,16,293,4,5
2024,Chevrolet,Silverado 4WD,Pickup truck: Standard,2.7,4,A8,X,13.2,11.2,12.3,23,289,4,7
2024,Chevrolet,Silverado 4WD (With Sport Mode),Pickup truck: Standard,2.7,4,A8,X,14.0,12.7,13.4,21,314,4,7
2024,Chevrolet,Silverado 4WD Mud Terrain Tire,Pickup truck: Standard,2.7,4,A8,X,14.9,13.9,14.4,20,337,3,7
2024,Chevrolet,Silverado 4WD Mud Terrain Tire (With Sport Mode),Pickup truck: Standard,2.7,4,A8,X,14.6,13.6,14.2,20,332,3,7
2024,Chevrolet,Silverado 4WD,Pickup truck: Standard,3.0,6,A10,D,11.0,9.7,10.4,27,280,4,5
2024,Chevrolet,Silverado 4WD (With Sport Mode),Pickup truck: Standard,3.0,6,A10,D,10.4,8.7,9.6,29,259,4,5
2024,Chevrolet,Silverado 4WD Mud Terrain Tire,Pickup truck: Standard,3.0,6,A10,D,11.3,10.4,10.9,26,293,4,5
2024,Chevrolet,Silverado 4WD,Pickup truck: Standard,5.3,8,A10,X,15.5,12.6,14.2,20,332,3,7
2024,Chevrolet,Silverado 4WD FFV,Pickup truck: Standard,5.3,8,A10,X,15.2,12.2,13.9,20,326,3,5
2024,Chevrolet,Silverado 4WD FFV,Pickup truck: Standard,5.3,8,A10,E,21.3,16.6,19.2,15,318,3,5
2024,Chevrolet,Silverado 4WD Mud Terrain Tire,Pickup truck: Standard,5.3,8,A10,X,15.8,13.1,14.6,19,342,3,7
2024,Chevrolet,Silverado 4WD Mud Terrain Tire FFV,Pickup truck: Standard,5.3,8,A10,X,15.2,12.2,13.9,20,326,3,5
2024,Chevrolet,Silverado 4WD Mud Terrain Tire FFV,Pickup truck: Standard,5.3,8,A10,E,21.3,16.6,19.2,15,318,3,5
2024,Chevrolet,Silverado 4WD,Pickup truck: Standard,6.2,8,A10,Z,15.6,11.9,13.9,20,327,3,6
2024,Chevrolet,Silverado 4WD Mud Terrain Tire,Pickup truck: Standard,6.2,8,A10,Z,17.1,14.0,15.7,18,367,2,6
2024,Chevrolet,Silverado 4WD ZR2,Pickup truck: Standard,3.0,6,A10,D,11.9,10.8,11.4,25,306,4,5
2024,Chevrolet,Silverado 4WD ZR2,Pickup truck: Standard,6.2,8,A10,Z,16.8,14.1,15.6,18,367,2,6
2024,Chevrolet,Suburban,Sport utility vehicle: Standard,3.0,6,A10,D,11.2,8.7,10.1,28,272,4,3
2024,Chevrolet,Suburban,Sport utility vehicle: Standard,5.3,8,A10,X,15.8,11.8,14.0,20,327,3,6
2024,Chevrolet,Suburban 4WD,Sport utility vehicle: Standard,3.0,6,A10,D,11.7,9.0,10.5,27,281,4,3
2024,Chevrolet,Suburban 4WD,Sport utility vehicle: Standard,5.3,8,A10,X,16.2,13.2,14.8,19,346,3,6
2024,Chevrolet,Suburban 4WD,Sport utility vehicle: Standard,6.2,8,A10,Z,16.6,13.0,15.0,19,350,3,6
2024,Chevrolet,Tahoe,Sport utility vehicle: Standard,3.0,6,A10,D,11.0,8.4,9.8,29,263,4,3
2024,Chevrolet,Tahoe,Sport utility vehicle: Standard,5.3,8,A10,X,15.8,11.8,14.0,20,327,3,6
2024,Chevrolet,Tahoe 4WD,Sport utility vehicle: Standard,3.0,6,A10,D,11.7,9.0,10.5,27,281,4,3
2024,Chevrolet,Tahoe 4WD,Sport utility vehicle: Standard,5.3,8,A10,X,15.8,11.8,14.0,20,327,3,6
2024,Chevrolet,Tahoe 4WD,Sport utility vehicle: Standard,6.2,8,A10,Z,16.6,13.0,15.0,19,350,3,6
2024,Chevrolet,Trailblazer,Sport utility vehicle: Small,1.2,3,AV,X,7.8,7.7,7.8,36,183,6,7
2024,Chevrolet,Trailblazer,Sport utility vehicle: Small,1.3,3,AV,X,8.1,7.2,7.7,37,181,6,7
2024,Chevrolet,Trailblazer AWD,Sport utility vehicle: Small,1.3,3,A9,X,9.0,8.1,8.6,33,204,5,7
2024,Chevrolet,Traverse AWD,Sport utility vehicle: Standard,2.5,4,A8,X,12.4,9.9,11.3,25,264,4,6
2024,Chevrolet,Traverse Limited AWD,Sport utility vehicle: Standard,3.6,6,A9,X,13.8,9.6,11.9,24,280,4,6
2024,Chevrolet,Trax,Station wagon: Small,1.2,3,A6,X,8.3,7.4,7.9,36,185,6,7
2024,Chrysler,Grand Caravan,Minivan,3.6,6,A9,X,12.4,8.4,10.6,27,249,5,7
2024,Chrysler,Pacifica,Minivan,3.6,6,A9,X,12.4,8.4,10.6,27,249,5,7
2024,Chrysler,Pacifica AWD,Minivan,3.6,6,A9,X,14.1,9.4,12.0,24,279,4,7
2024,Dodge,Durango AWD,Sport utility vehicle: Standard,3.6,6,A8,X,13.0,9.4,11.3,25,266,4,7
2024,Dodge,Durango AWD,Sport utility vehicle: Standard,5.7,8,A8,X,16.7,10.9,14.1,20,331,3,5
2024,Dodge,Durango AWD SRT,Sport utility vehicle: Standard,6.4,8,A8,Z,18.3,12.2,15.6,18,363,2,1
2024,Dodge,Durango AWD SRT Hellcat,Sport utility vehicle: Standard,6.2,8,A8,Z,20.5,13.8,17.4,16,410,1,1
2024,Dodge,Hornet AWD,Sport utility vehicle: Small,2.0,4,A9,X,11.2,8.2,9.9,29,231,5,7
2024,Ferrari,812 Competizione,Two-seater,6.5,12,AM7,Z,19.3,15.0,17.4,16,405,2,3
2024,Ferrari,812 Competizione A,Two-seater,6.5,12,AM7,Z,19.4,14.7,17.3,16,402,2,3
2024,Ferrari,Daytona SP3,Two-seater,6.5,12,AM7,Z,19.9,14.8,17.6,16,410,1,3
2024,Ferrari,Purosangue,Sport utility vehicle: Standard,6.5,12,AM8,Z,22.0,15.3,19.0,15,442,1,6
2024,Ferrari,Roma,Subcompact,3.9,8,AM8,Z,14.2,10.6,12.6,22,293,4,6
2024,Ferrari,Roma Spider,Minicompact,3.9,8,AM8,Z,13.9,10.5,12.4,23,290,4,6
2024,Ford,Bronco 4WD,Sport utility vehicle: Small,2.3,4,AS10,X,12.0,11.2,11.6,24,273,4,5
2024,Ford,Bronco 4WD,Sport utility vehicle: Small,2.3,4,M7,X,11.9,11.1,11.6,24,271,4,5
2024,Ford,Bronco 4WD,Sport utility vehicle: Small,2.7,6,AS10,X,12.4,11.3,11.9,24,281,4,6
2024,Ford,Bronco Badlands 4WD,Sport utility vehicle: Small,2.3,4,M7,X,14.7,13.3,14.0,20,329,3,5
2024,Ford,Bronco Badlands 4WD,Sport utility vehicle: Small,2.7,6,AS10,X,13.8,13.8,13.8,20,324,3,6
2024,Ford,Bronco Black Diamond 4WD,Sport utility vehicle: Small,2.3,4,AS10,X,13.1,13.1,13.1,22,308,4,5
2024,Ford,Bronco Black Diamond 4WD,Sport utility vehicle: Small,2.3,4,M7,X,14.7,13.1,14.0,20,328,3,5
2024,Ford,Bronco Black Diamond 4WD,Sport utility vehicle: Small,2.7,6,AS10,X,13.1,13.1,13.1,22,308,4,6
2024,Ford,Bronco Raptor 4WD,Sport utility vehicle: Standard,3.0,6,AS10,X,15.7,14.8,15.3,18,358,2,6
2024,Ford,Bronco Sasquatch 4WD,Sport utility vehicle: Small,2.3,4,AS10,X,13.1,13.8,13.4,21,315,4,5
2024,Ford,Bronco Sasquatch 4WD,Sport utility vehicle: Small,2.3,4,M7,X,14.7,13.1,14.0,20,328,3,5
2024,Ford,Bronco Sasquatch 4WD,Sport utility vehicle: Small,2.7,6,AS10,X,14.0,13.7,13.9,20,326,3,6
2024,Ford,Bronco Sport 4WD,Sport utility vehicle: Small,1.5,3,A8,X,9.3,8.1,9.0,31,211,5,7
2024,Ford,Bronco Sport 4WD,Sport utility vehicle: Small,2.0,4,AS8,X,11.2,9.0,10.2,28,240,5,6
2024,Ford,Edge AWD,Sport utility vehicle: Small,2.0,4,A8,X,11.5,8.3,10.0,28,236,5,6
2024,Ford,Edge AWD,Sport utility vehicle: Small,2.0,4,AS8,X,11.5,8.4,10.1,28,238,5,6
2024,Ford,Edge AWD,Sport utility vehicle: Small,2.7,6,AS8,X,12.6,9.2,11.1,25,260,4,6
2024,Ford,Escape,Sport utility vehicle: Small,1.5,3,A8,X,8.9,6.9,8.0,35,187,6,7
2024,Ford,Escape AWD,Sport utility vehicle: Small,1.5,3,A8,X,9.2,7.4,8.4,34,197,6,7
2024,Ford,Escape AWD,Sport utility vehicle: Small,2.0,4,A8,X,10.2,7.6,9.1,31,213,5,7
2024,Ford,Escape Hybrid,Sport utility vehicle: Small,2.5,4,AV,X,5.6,6.5,6.0,47,140,7,8
2024,Ford,Escape Hybrid AWD,Sport utility vehicle: Small,2.5,4,AV,X,5.6,6.5,6.0,47,140,7,8
2024,Ford,Expedition 4X4,Sport utility vehicle: Standard,3.5,6,AS10,X,14.8,10.6,12.9,22,304,4,6
2024,Ford,Expedition Timberline 4X4,Sport utility vehicle: Standard,3.5,6,AS10,X,14.5,12.3,13.5,21,318,3,6
2024,Ford,Explorer AWD,Sport utility vehicle: Standard,2.3,4,A10,X,11.5,8.7,10.3,27,241,5,7
2024,Ford,Explorer Timberline AWD,Sport utility vehicle: Standard,2.3,4,AS10,X,12.2,10.5,11.5,25,269,4,7
2024,Ford,Explorer AWD,Sport utility vehicle: Standard,3.0,6,A10,X,13.3,9.8,11.7,24,275,4,7
2024,Ford,Explorer AWD,Sport utility vehicle: Standard,3.0,6,AS10,X,13.4,9.8,11.8,24,277,4,7
2024,Ford,F-150,Pickup truck: Standard,2.7,6,AS10,X,12.7,9.6,11.3,25,266,4,7
2024,Ford,F-150,Pickup truck: Standard,3.5,6,AS10,X,14.2,9.4,12.0,24,282,4,7
2024,Ford,F-150,Pickup truck: Standard,5.0,8,AS10,X,14.5,10.0,12.5,23,293,4,6
2024,Ford,F-150 4X4,Pickup truck: Standard,2.7,6,AS10,X,13.2,10.2,11.8,24,278,4,7
2024,Ford,F-150 4X4,Pickup truck: Standard,3.5,6,AS10,X,14.5,9.7,12.3,23,289,4,7
2024,Ford,F-150 4X4,Pickup truck: Standard,5.0,8,AS10,X,14.9,10.2,12.8,22,300,4,6
2024,Ford,F-150 Raptor 4X4,Pickup truck: Standard,3.5,6,AS10,X,16.6,13.1,15.0,19,353,3,7
2024,Ford,F-150 Raptor R 4X4,Pickup truck: Standard,5.2,8,AS10,X,22.8,15.9,19.7,14,460,1,5
2024,Ford,F-150 Tremor 4X4,Pickup truck: Standard,3.5,6,AS10,X,14.3,11.2,12.9,22,303,4,7
2024,Ford,F-150 Tremor 4X4,Pickup truck: Standard,5.0,8,AS10,X,15.2,11.9,13.7,21,322,3,6
2024,Ford,F-150 Hybrid 4X4,Pickup truck: Standard,3.5,6,AS10,X,11.4,10.1,10.8,26,253,5,7
2024,Ford,Maverick AWD,Pickup truck: Small,2.0,4,A8,X,10.8,8.1,9.6,29,225,5,6
2024,Ford,Maverick Tremor AWD,Pickup truck: Small,2.0,4,A8,X,11.9,9.9,11.0,26,257,4,6
2024,Ford,Maverick Hybrid,Pickup truck: Small,2.5,4,AV,X,5.6,7.1,6.3,45,147,7,7
2024,Ford,Mustang,Subcompact,2.3,4,A10,X,10.8,7.1,9.2,31,214,5,7
2024,Ford,Mustang (Performance Pack),Subcompact,2.3,4,AS10,X,11.1,8.2,9.8,29,228,5,7
2024,Ford,Mustang,Subcompact,5.0,8,AS10,X,15.8,9.8,13.1,22,307,4,7
2024,Ford,Mustang (Stop-Start),Subcompact,5.0,8,AS10,X,15.0,9.8,12.6,22,296,4,7
2024,Ford,Mustang,Subcompact,5.0,8,M6,X,16.6,10.2,13.8,20,321,3,7
2024,Ford,Mustang (Stop-Start),Subcompact,5.0,8,M6,X,15.5,10.0,13.0,22,306,4,7
2024,Ford,Mustang Dark Horse,Subcompact,5.0,8,AS10,X,16.5,10.9,13.9,20,326,3,7
2024,Ford,Mustang Dark Horse,Subcompact,5.0,8,M6,X,17.1,10.7,14.2,20,333,3,7
2024,Ford,Ranger 4WD,Pickup truck: Standard,2.3,4,AS10,X,11.9,9.8,11.0,26,257,5,6
2024,Ford,Ranger 4WD,Pickup truck: Standard,2.7,6,AS10,X,12.6,10.2,11.5,25,270,4,6
2024,Ford,Ranger Raptor 4WD,Pickup truck: Standard,3.0,6,AS10,X,14.9,12.8,14.0,20,326,3,6
2024,Genesis,G70 AWD,Compact,2.5,4,AS8,Z,11.7,8.4,10.2,28,239,5,6
2024,Genesis,G70 AWD,Compact,3.3,6,AS8,Z,14.0,9.4,11.9,24,282,4,3
2024,Genesis,G80 AWD,Full-size,2.5,4,AS8,Z,10.8,7.9,9.5,30,225,5,5
2024,Genesis,G80 AWD,Full-size,3.5,6,AS8,Z,14.8,9.9,12.6,22,298,4,5
2024,Genesis,G90,Full-size,3.5,6,AS8,Z,13.6,9.6,11.8,24,274,4,5
2024,Genesis,GV70 AWD,Sport utility vehicle: Small,2.5,4,AS8,Z,11.7,9.0,10.5,27,247,5,5
2024,Genesis,GV70 AWD,Sport utility vehicle: Small,3.5,6,AS8,Z,12.9,10.0,11.6,24,275,4,5
2024,Genesis,GV80 AWD,Sport utility vehicle: Standard,2.5,4,AS8,Z,11.3,9.5,10.5,27,248,5,5
2024,Genesis,GV80 AWD,Sport utility vehicle: Standard,3.5,6,AS8,Z,12.9,10.4,11.8,24,279,4,5
2024,GMC,Acadia AWD,Sport utility vehicle: Standard,2.5,4,A8,X,12.4,9.9,11.3,25,264,4,6
2024,GMC,Canyon,Pickup truck: Small,2.7,4,A8,X,12.4,10.3,11.5,25,270,4,7
2024,GMC,Canyon 4WD,Pickup truck: Small,2.7,4,A8,X,13.2,10.9,12.2,23,286,4,7
2024,GMC,Canyon 4WD Mud Terrain Tire,Pickup truck: Small,2.7,4,A8,X,14.0,11.9,13.1,22,307,4,7
2024,GMC,Canyon AT4X 4WD,Pickup truck: Small,2.7,4,A8,X,14.1,13.8,14.0,20,328,3,7
2024,GMC,Canyon AT4X AEV 4WD,Pickup truck: Small,2.7,4,A8,X,14.8,15.1,14.9,19,350,3,7
2024,GMC,Sierra,Pickup truck: Standard,2.7,4,A8,X,12.9,10.9,12.0,24,281,4,7
2024,GMC,Sierra (With Sport Mode),Pickup truck: Standard,2.7,4,A8,X,13.4,11.2,12.5,23,292,4,7
2024,GMC,Sierra,Pickup truck: Standard,3.0,6,A10,D,10.1,8.2,9.2,31,248,5,5
2024,GMC,Sierra,Pickup truck: Standard,5.3,8,A10,X,14.8,11.7,13.4,21,314,4,7
2024,GMC,Sierra FFV,Pickup truck: Standard,5.3,8,A10,X,14.3,11.7,13.1,22,308,4,5
2024,GMC,Sierra FFV,Pickup truck: Standard,5.3,8,A10,E,19.6,15.3,17.7,16,293,4,5
2024,GMC,Sierra 4WD,Pickup truck: Standard,2.7,4,A8,X,13.8,11.8,12.9,22,302,4,7
2024,GMC,Sierra 4WD (With Sport Mode),Pickup truck: Standard,2.7,4,A8,X,14.2,12.9,13.6,21,319,3,7
2024,GMC,Sierra 4WD Mud Terrain Tire,Pickup truck: Standard,2.7,4,A8,X,14.9,13.9,14.4,20,337,3,7
2024,GMC,Sierra 4WD,Pickup truck: Standard,3.0,6,A10,D,10.4,8.7,9.6,29,259,4,5
2024,GMC,Sierra 4WD Mud Terrain Tire,Pickup truck: Standard,3.0,6,A10,D,11.3,10.4,10.9,26,293,4,5
2024,GMC,Sierra 4WD,Pickup truck: Standard,5.3,8,A10,X,15.6,12.3,14.1,20,331,3,7
2024,GMC,Sierra 4WD FFV,Pickup truck: Standard,5.3,8,A10,X,15.2,12.2,13.9,20,326,3,5
2024,GMC,Sierra 4WD FFV,Pickup truck: Standard,5.3,8,A10,E,21.3,16.6,19.2,15,318,3,5
2024,GMC,Sierra 4WD Mud Terrain Tire,Pickup truck: Standard,5.3,8,A10,X,16.0,13.3,14.8,19,346,3,7
2024,GMC,Sierra 4WD Mud Terrain Tire FFV,Pickup truck: Standard,5.3,8,A10,X,15.2,12.2,13.9,20,326,3,5
2024,GMC,Sierra 4WD Mud Terrain Tire FFV,Pickup truck: Standard,5.3,8,A10,E,21.3,16.6,19.2,15,318,3,5
2024,GMC,Sierra 4WD,Pickup truck: Standard,6.2,8,A10,Z,16.0,12.1,14.3,20,335,3,6
2024,GMC,Sierra 4WD Mud Terrain Tire,Pickup truck: Standard,6.2,8,A10,Z,17.1,14.0,15.7,18,367,2,6
2024,GMC,Sierra 4WD AT4X,Pickup truck: Standard,3.0,6,A10,D,12.2,12.0,12.1,23,326,3,5
2024,GMC,Sierra 4WD AT4X,Pickup truck: Standard,6.2,8,A10,Z,16.8,14.7,15.9,18,375,2,6
2024,GMC,Terrain,Sport utility vehicle: Small,1.5,4,A9,X,9.8,8.1,9.0,31,212,5,7
2024,GMC,Terrain AWD,Sport utility vehicle: Small,1.5,4,A9,X,10.1,8.4,9.3,30,219,5,7
2024,GMC,Yukon,Sport utility vehicle: Standard,3.0,6,A10,D,11.2,8.7,10.1,28,272,4,3
2024,GMC,Yukon,Sport utility vehicle: Standard,5.3,8,A10,X,15.8,11.8,14.0,20,327,3,6
2024,GMC,Yukon 4WD,Sport utility vehicle: Standard,3.0,6,A10,D,11.7,9.0,10.5,27,281,4,3
2024,GMC,Yukon 4WD,Sport utility vehicle: Standard,5.3,8,A10,X,15.8,11.8,14.0,20,327,3,6
2024,GMC,Yukon 4WD,Sport utility vehicle: Standard,6.2,8,A10,Z,16.6,13.0,15.0,19,350,3,6
2024,GMC,Yukon XL,Sport utility vehicle: Standard,3.0,6,A10,D,11.2,8.7,10.1,28,272,4,3
2024,GMC,Yukon XL,Sport utility vehicle: Standard,5.3,8,A10,X,15.8,11.8,14.0,20,327,3,6
2024,GMC,Yukon XL 4WD,Sport utility vehicle: Standard,3.0,6,A10,D,11.7,9.0,10.5,27,281,4,3
2024,GMC,Yukon XL 4WD,Sport utility vehicle: Standard,5.3,8,A10,X,16.2,13.2,14.8,19,346,3,6
2024,GMC,Yukon XL 4WD,Sport utility vehicle: Standard,6.2,8,A10,Z,16.6,13.0,15.0,19,350,3,6
2024,Honda,Accord,Full-size,1.5,4,AV,X,8.1,6.4,7.3,39,171,6,7
2024,Honda,Accord Hybrid Sport/Touring,Mid-size,2.0,4,AV,X,5.0,5.7,5.3,53,124,8,7
2024,Honda,Civic Hatchback,Full-size,1.5,4,AV7,X,7.7,6.3,7.1,40,166,6,7
2024,Honda,Civic Hatchback,Full-size,1.5,4,M6,X,8.5,6.3,7.5,38,175,6,6
2024,Honda,Civic Hatchback,Full-size,2.0,4,AV,X,8.0,6.2,7.2,39,167,6,7
2024,Honda,Civic Hatchback,Full-size,2.0,4,M6,X,9.1,6.6,8.0,35,186,6,6
2024,Honda,Civic Sedan,Mid-size,1.5,4,AV7,X,7.6,6.1,6.9,41,162,7,7
2024,Honda,Civic Sedan,Mid-size,2.0,4,AV,X,7.7,6.0,6.9,41,162,7,7
2024,Honda,Civic Sedan,Mid-size,2.0,4,AV7,X,7.8,6.3,7.1,40,165,6,7
2024,Honda,Civic Sedan Si,Mid-size,1.5,4,M6,Z,8.7,6.4,7.7,37,180,6,6
2024,Honda,Civic Type R,Full-size,2.0,4,M6,Z,10.8,8.3,9.7,29,224,5,6
2024,Honda,CR-V,Sport utility vehicle: Small,1.5,4,AV,X,8.4,7.1,7.8,36,181,6,7
2024,Honda,CR-V AWD,Sport utility vehicle: Small,1.5,4,AV,X,9.1,7.6,8.4,34,197,6,6
2024,Honda,CR-V Hybrid AWD,Sport utility vehicle: Small,2.0,4,AV,X,6.0,6.9,6.4,44,151,7,7
2024,Honda,HR-V,Station wagon: Small,2.0,4,AV,X,9.1,7.4,8.3,34,194,6,7
2024,Honda,HR-V AWD,Station wagon: Small,2.0,4,AV,X,9.4,7.8,8.7,32,203,5,7
2024,Honda,Odyssey,Minivan,3.5,6,AS10,X,12.2,8.5,10.6,27,248,5,5
2024,Honda,Pilot AWD,Sport utility vehicle: Standard,3.5,6,AS10,X,12.4,9.3,11.0,26,258,4,7
2024,Honda,Pilot AWD Touring/Elite/Black,Sport utility vehicle: Standard,3.5,6,AS10,X,12.7,9.4,11.2,25,262,4,7
2024,Honda,Pilot AWD TrailSport,Sport utility vehicle: Standard,3.5,6,AS10,X,13.0,10.3,11.8,24,275,4,7
2024,Hyundai,Elantra,Mid-size,1.6,4,AM7,X,8.3,6.8,7.6,37,179,6,5
2024,Hyundai,Elantra,Mid-size,2.0,4,AV1,X,7.6,5.9,6.8,42,160,7,7
2024,Hyundai,Elantra (Stop/Start),Mid-size,2.0,4,AV1,X,7.3,5.7,6.5,43,153,7,7
2024,Hyundai,Elantra N,Mid-size,2.0,4,AM8,Z,11.8,8.6,10.4,27,244,5,3
2024,Hyundai,Elantra N,Mid-size,2.0,4,M6,Z,11.0,8.1,9.7,29,227,5,3
2024,Hyundai,Elantra Hybrid,Mid-size,1.6,4,AM6,X,4.8,4.5,4.7,60,110,8,7
2024,Hyundai,Kona,Sport utility vehicle: Small,2.0,4,AV1,X,8.4,6.7,7.6,37,179,6,7
2024,Hyundai,Kona (Stop/Start),Sport utility vehicle: Small,2.0,4,AV1,X,8.1,6.8,7.5,38,177,6,7
2024,Hyundai,Kona AWD,Sport utility vehicle: Small,1.6,4,AS8,X,9.7,8.3,9.1,31,214,5,7
2024,Hyundai,Kona AWD,Sport utility vehicle: Small,2.0,4,AV1,X,9.0,8.1,8.6,33,201,6,7
2024,Hyundai,Kona AWD (Stop/Start),Sport utility vehicle: Small,2.0,4,AV1,X,8.8,8.1,8.5,33,198,6,7
2024,Hyundai,Palisade AWD,Sport utility vehicle: Small,3.8,6,AS8,X,12.2,9.7,11.1,25,261,4,6
2024,Hyundai,Santa Cruz AWD,Pickup truck: Small,2.5,4,AM8,X,12.2,8.7,10.6,27,251,5,5
2024,Hyundai,Santa Fe AWD,Sport utility vehicle: Small,2.5,4,AM8,X,12.1,8.8,10.6,27,249,5,7
2024,Hyundai,Santa Fe AWD XRT,Sport utility vehicle: Small,2.5,4,AM8,X,12.2,9.1,10.8,26,254,5,7
2024,Hyundai,Santa Fe Hybrid AWD,Sport utility vehicle: Small,1.6,4,AM6,X,6.8,6.9,6.9,41,161,7,7
2024,Hyundai,Sonata,Full-size,2.5,4,AM8,X,10.1,7.3,8.8,32,207,5,5
2024,Hyundai,Sonata,Full-size,2.5,4,AS8,X,9.6,6.5,8.2,34,193,6,7
2024,Hyundai,Sonata AWD,Full-size,2.5,4,AS8,X,9.9,7.0,8.6,33,203,5,7
2024,Hyundai,Sonata Hybrid,Full-size,2.0,4,AM6,X,5.3,4.6,5.0,56,117,8,7
2024,Hyundai,Tucson AWD,Sport utility vehicle: Small,2.5,4,AS8,X,10.0,7.9,9.1,31,213,5,7
2024,Hyundai,Tucson Hybrid,Sport utility vehicle: Small,1.6,4,AM6,X,6.3,6.6,6.4,44,152,7,7
2024,Hyundai,Venue,Sport utility vehicle: Small,1.6,4,AV1,X,7.9,6.9,7.5,38,177,6,5
2024,Infiniti,Q50 AWD,Mid-size,3.0,6,AS7,Z,12.5,8.7,10.8,26,254,5,3
2024,Infiniti,Q50 AWD Red Sport,Mid-size,3.0,6,AS7,Z,12.5,9.3,11.1,25,261,4,3
2024,Infiniti,QX50 AWD,Sport utility vehicle: Small,2.0,4,AV8,Z,10.8,8.3,9.7,29,228,5,6
2024,Infiniti,QX55 AWD,Sport utility vehicle: Small,2.0,4,AV8,Z,10.4,8.3,9.4,30,222,5,6
2024,Infiniti,QX60 AWD,Sport utility vehicle: Standard,3.5,6,AS9,Z,11.9,9.3,10.7,26,252,5,5
2024,Infiniti,QX80 4WD,Sport utility vehicle: Standard,5.6,8,AS7,Z,17.5,12.4,15.2,19,358,2,5
2024,Jaguar,E-PACE P250,Sport utility vehicle: Small,2.0,4,AS9,Z,11.5,9.2,10.4,27,247,5,7
2024,Jaguar,F-PACE P250,Sport utility vehicle: Small,2.0,4,AS8,Z,10.8,8.8,9.9,29,234,5,7
2024,Jaguar,F-PACE P400,Sport utility vehicle: Small,3.0,6,AS8,Z,12.6,9.4,11.1,25,261,4,7
2024,Jaguar,F-PACE P550 SVR,Sport utility vehicle: Small,5.0,8,AS8,Z,15.7,11.4,13.8,20,322,3,3
2024,Jaguar,F-TYPE P450 Convertible,Two-seater,5.0,8,AS8,Z,14.1,9.7,12.1,23,286,4,3
2024,Jaguar,F-TYPE P450 Convertible AWD,Two-seater,5.0,8,AS8,Z,15.2,9.8,12.7,22,299,4,3
2024,Jaguar,F-TYPE P450 Coupe,Two-seater,5.0,8,AS8,Z,14.1,9.7,12.1,23,286,4,3
2024,Jaguar,F-TYPE P450 Coupe AWD,Two-seater,5.0,8,AS8,Z,15.2,9.8,12.7,22,299,4,3
2024,Jaguar,F-TYPE P575 Convertible AWD,Two-seater,5.0,8,AS8,Z,15.2,9.8,12.7,22,299,4,3
2024,Jaguar,F-TYPE P575 Coupe AWD,Two-seater,5.0,8,AS8,Z,15.2,9.8,12.7,22,299,4,3
2024,Jaguar,XF P250,Mid-size,2.0,4,AS8,Z,10.2,7.7,9.1,31,215,5,7
2024,Jaguar,XF P300 AWD,Mid-size,2.0,4,AS8,Z,11.1,8.3,9.8,29,231,5,7
2024,Jeep,Compass 4X4,Sport utility vehicle: Small,2.0,4,A8,X,9.9,7.4,8.8,32,205,5,7
2024,Jeep,Gladiator 4X4,Pickup truck: Standard,3.6,6,A8,X,13.7,10.7,12.3,23,290,4,7
2024,Jeep,Gladiator 4X4,Pickup truck: Standard,3.6,6,M6,X,15.0,11.1,13.2,21,311,4,7
2024,Jeep,Grand Cherokee 4X4,Sport utility vehicle: Standard,3.6,6,A8,X,12.3,9.2,10.9,26,256,5,7
2024,Jeep,Grand Cherokee L 4X4,Sport utility vehicle: Standard,3.6,6,A8,X,13.0,9.4,11.3,25,266,4,7
2024,Jeep,Grand Cherokee L 4X4,Sport utility vehicle: Standard,5.7,8,A8,X,16.7,10.9,14.1,20,331,3,5
2024,Jeep,Grand Wagoneer 4X4 (High Output),Sport utility vehicle: Standard,3.0,6,A8,Z,16.3,11.8,14.3,20,334,3,5
2024,Jeep,Grand Wagoneer 4X4,Sport utility vehicle: Standard,6.4,8,A8,Z,18.6,12.8,16.0,18,374,2,1
2024,Jeep,Grand Wagoneer L 4X4 (High Output),Sport utility vehicle: Standard,3.0,6,A8,Z,16.3,11.8,14.3,20,334,3,5
2024,Jeep,Wagoneer 4X4,Sport utility vehicle: Standard,3.0,6,A8,X,14.5,10.1,12.5,23,293,4,7
2024,Jeep,Wagoneer L 4X4,Sport utility vehicle: Standard,3.0,6,A8,X,14.5,10.4,12.7,22,297,4,7
2024,Jeep,Wrangler JL 4X4,Sport utility vehicle: Small,2.0,4,A8,X,11.5,11.4,11.5,25,269,4,7
2024,Jeep,Wrangler JL 4X4,Sport utility vehicle: Small,3.6,6,A8,X,13.0,9.9,11.6,24,272,4,7
2024,Jeep,Wrangler JL 4X4 Rubicon,Sport utility vehicle: Small,3.6,6,A8,X,14.5,11.8,13.3,21,311,4,7
2024,Jeep,Wrangler JL 4X4,Sport utility vehicle: Small,3.6,6,M6,X,13.9,10.2,12.2,23,287,4,7
2024,Jeep,Wrangler JL Unlimited 4X4,Sport utility vehicle: Small,2.0,4,A8,X,11.8,11.6,11.7,24,271,4,7
2024,Jeep,Wrangler JL Unlimited 4X4,Sport utility vehicle: Small,3.6,6,A8,X,13.4,10.1,11.9,24,280,4,7
2024,Jeep,Wrangler JL Unlimited 4X4 Rubicon,Sport utility vehicle: Small,3.6,6,A8,X,15.0,12.2,13.7,21,322,3,7
2024,Jeep,Wrangler JL Unlimited 4X4,Sport utility vehicle: Small,3.6,6,M6,X,14.3,10.5,12.6,22,296,4,7
2024,Jeep,Wrangler JL Unlimited 4X4 392,Sport utility vehicle: Small,6.4,8,A8,Z,18.7,14.5,16.8,17,393,2,1
2024,Kia,Carnival,Minivan,3.5,6,AS8,X,12.1,9.0,10.7,26,253,5,5
2024,Kia,Forte,Mid-size,1.6,4,AM7,X,8.7,6.6,7.8,36,184,6,5
2024,Kia,Forte,Mid-size,2.0,4,AV,X,8.2,6.0,7.2,39,170,6,7
2024,Kia,Forte 5,Full-size,1.6,4,AM7,X,8.9,6.9,8.0,35,190,6,5
2024,Kia,Forte 5,Full-size,2.0,4,AV,X,8.6,6.5,7.7,37,182,6,7
2024,Kia,K5,Full-size,2.5,4,AM8,X,9.9,7.3,8.7,32,207,5,5
2024,Kia,K5 AWD,Full-size,1.6,4,AS8,X,9.3,7.0,8.3,34,196,6,5
2024,Kia,Niro,Sport utility vehicle: Small,1.6,4,AM6,X,4.5,5.2,4.8,59,112,8,7
2024,Kia,Niro FE,Sport utility vehicle: Small,1.6,4,AM6,X,4.5,4.4,4.4,64,104,8,7
2024,Kia,Seltos,Sport utility vehicle: Small,2.0,4,AV8,X,8.3,6.8,7.6,37,179,6,7
2024,Kia,Seltos AWD,Sport utility vehicle: Small,1.6,4,AS8,X,9.4,8.7,9.1,31,213,5,5
2024,Kia,Seltos AWD,Sport utility vehicle: Small,2.0,4,AV8,X,8.8,7.5,8.2,34,192,6,7
2024,Kia,Sorento AWD,Sport utility vehicle: Small,2.5,4,AM8,X,11.5,8.7,10.3,27,241,5,7
2024,Kia,Sorento AWD,Sport utility vehicle: Small,2.5,4,AS8,X,10.2,8.5,9.4,30,222,5,7
2024,Kia,Sorento Hybrid AWD,Sport utility vehicle: Small,1.6,4,AM6,X,6.5,7.1,6.8,42,160,7,7
2024,Kia,Soul,Station wagon: Small,2.0,4,AV,X,8.5,7.0,7.8,36,186,6,7
2024,Kia,Sportage,Sport utility vehicle: Small,2.5,4,AS8,X,9.3,7.1,8.3,34,195,6,7
2024,Kia,Sportage AWD,Sport utility vehicle: Small,2.5,4,AS8,X,10.1,8.7,9.5,30,222,5,7
2024,Kia,Sportage Hybrid AWD,Sport utility vehicle: Small,1.6,4,AM6,X,6.1,6.3,6.2,46,145,7,7
2024,Kia,Telluride AWD,Sport utility vehicle: Small,3.8,6,AS8,X,13.1,10.0,11.7,24,275,4,6
2024,Lamborghini,Huracán EVO Spyder,Two-seater,5.2,10,AM7,Z,18.4,13.3,16.1,18,375,2,1
2024,Lamborghini,Huracán Sterrato,Two-seater,5.2,10,AM7,Z,18.4,13.3,16.1,18,375,2,1
2024,Lamborghini,Huracán STO,Two-seater,5.2,10,AM7,Z,18.3,12.9,15.9,18,370,2,1
2024,Lamborghini,Huracán Tecnica,Two-seater,5.2,10,AM7,Z,18.3,12.9,15.9,18,370,2,1
2024,Lamborghini,Urus Performante,Mid-size,4.0,8,AS8,Z,16.6,12.5,14.8,19,345,3,3
2024,Lamborghini,Urus S,Sport utility vehicle: Standard,4.0,8,AS8,Z,16.6,12.5,14.8,19,345,3,3
2024,Land Rover,Defender 90 P300,Sport utility vehicle: Standard,2.0,4,AS8,Z,13.1,11.4,12.3,23,289,4,7
2024,Land Rover,Defender 90 P400,Sport utility vehicle: Standard,3.0,6,AS8,Z,12.9,10.8,12.0,24,281,4,7
2024,Land Rover,Defender 90 V8,Sport utility vehicle: Standard,5.0,8,AS8,Z,15.8,12.4,14.3,20,339,3,3
2024,Land Rover,Defender 110 P300,Sport utility vehicle: Standard,2.0,4,AS8,Z,13.2,11.9,12.6,22,294,4,7
2024,Land Rover,Defender 110 P400,Sport utility vehicle: Standard,3.0,6,AS8,Z,13.8,11.6,12.8,22,301,4,7
2024,Land Rover,Defender 110 V8 P500/P525,Sport utility vehicle: Standard,5.0,8,AS8,Z,16.4,12.7,14.7,19,350,3,3
2024,Land Rover,Defender 130 Outbound,Sport utility vehicle: Standard,3.0,6,AS8,Z,14.9,12.8,14.0,20,329,3,7
2024,Land Rover,Defender 130 P300,Sport utility vehicle: Standard,3.0,6,AS8,Z,14.0,11.7,12.9,22,304,4,7
2024,Land Rover,Defender 130 P400,Sport utility vehicle: Standard,3.0,6,AS8,Z,14.1,11.6,13.0,22,305,4,7
2024,Land Rover,Discovery P300,Sport utility vehicle: Standard,2.0,4,AS8,Z,12.2,9.8,11.1,25,262,4,7
2024,Land Rover,Discovery Sport P250,Sport utility vehicle: Small,2.0,4,AS9,Z,12.7,10.0,11.5,25,271,4,7
2024,Land Rover,Range Rover Evoque P250,Sport utility vehicle: Small,2.0,4,AS9,Z,11.9,8.8,10.5,27,247,5,7
2024,Land Rover,Range Rover Velar P250,Sport utility vehicle: Small,2.0,4,AS8,Z,10.9,8.9,10.0,28,237,5,7
2024,Land Rover,Range Rover Velar P340,Sport utility vehicle: Small,3.0,6,AS8,Z,12.1,9.0,10.7,26,253,5,7
2024,Land Rover,Range Rover Velar P400,Sport utility vehicle: Small,3.0,6,AS8,Z,12.6,9.4,11.1,25,261,4,7
2024,Lexus,ES 250 AWD,Mid-size,2.5,4,AS8,X,9.5,7.0,8.4,34,195,6,6
2024,Lexus,ES 300h,Mid-size,2.5,4,AV6,X,5.5,5.2,5.3,53,124,8,7
2024,Lexus,ES 350,Mid-size,3.5,6,AS8,X,10.7,7.3,9.2,31,214,5,5
2024,Lexus,ES 350 F SPORT,Mid-size,3.5,6,AS8,X,10.9,7.5,9.4,30,219,5,5
2024,Lexus,GX 550,Sport utility vehicle: Standard,3.4,6,AS10,Z,15.3,11.2,13.5,21,313,4,5
2024,Lexus,IS 300 AWD,Compact,3.5,6,AS6,Z,12.2,9.0,10.8,26,253,5,5
2024,Lexus,IS 350 AWD,Compact,3.5,6,AS6,Z,12.2,9.0,10.8,26,253,5,5
2024,Lexus,IS 500,Compact,5.0,8,AS8,Z,14.1,9.3,11.9,24,280,4,5
2024,Lexus,LC 500,Subcompact,5.0,8,AS10,Z,15.2,9.7,12.7,22,299,4,5
2024,Lexus,LC 500 Convertible,Minicompact,5.0,8,AS10,Z,16.0,9.5,13.0,22,304,4,5
2024,Lexus,LC 500h,Subcompact,3.5,6,AV10,Z,9.0,7.1,8.1,35,189,6,7
2024,Lexus,LS 500 AWD,Mid-size,3.4,6,AS10,Z,13.8,8.7,11.2,25,270,4,5
2024,Lexus,LS 500h AWD,Mid-size,3.5,6,AV10,Z,10.1,8.1,9.2,31,217,5,7
2024,Lexus,LX 600,Sport utility vehicle: Standard,3.4,6,AS10,Z,14.2,10.8,12.7,22,298,4,5
2024,Lexus,NX 250 AWD,Sport utility vehicle: Small,2.5,4,AS8,X,9.4,7.4,8.4,34,198,6,6
2024,Lexus,NX 350 AWD,Sport utility vehicle: Small,2.4,4,AS8,Z,10.8,8.5,9.8,29,228,5,7
2024,Lexus,NX 350 AWD F SPORT,Sport utility vehicle: Small,2.4,4,AS8,Z,11.2,8.3,9.7,29,230,5,7
2024,Lexus,NX 350h AWD,Sport utility vehicle: Small,2.5,4,AV6,Z,5.7,6.4,6.0,47,140,7,7
2024,Lexus,RC 300 AWD,Subcompact,3.5,6,AS6,Z,12.2,9.0,10.8,26,253,5,5
2024,Lexus,RC 350 AWD,Subcompact,3.5,6,AS6,Z,12.2,9.0,10.8,26,253,5,5
2024,Lexus,RC F,Subcompact,5.0,8,AS8,Z,14.4,9.6,12.2,23,285,4,5
2024,Lexus,RX 350 AWD,Sport utility vehicle: Small,2.4,4,AS8,Z,11.2,8.4,9.9,29,231,5,7
2024,Lexus,RX 350h AWD,Sport utility vehicle: Small,2.5,4,AV6,Z,6.3,6.8,6.5,43,151,7,7
2024,Lexus,RX 500h AWD,Sport utility vehicle: Small,2.4,4,AS6,Z,8.7,8.4,8.6,33,199,6,7
2024,Lexus,TX 350 AWD,Sport utility vehicle: Standard,2.4,4,AS8,Z,11.5,8.9,10.3,27,241,5,7
2024,Lexus,TX 500h AWD,Sport utility vehicle: Standard,2.4,4,AS6,Z,8.7,8.4,8.6,33,200,6,7
2024,Lexus,UX 250h AWD,Compact,2.0,4,AV6,X,5.7,6.2,6.0,47,140,7,7
2024,Lincoln,Aviator AWD,Sport utility vehicle: Standard,3.0,6,AS10,X,13.7,9.7,11.9,24,280,4,7
2024,Lincoln,Corsair AWD,Sport utility vehicle: Small,2.0,4,AS8,X,11.2,8.3,9.9,29,232,5,7
2024,Lincoln,Nautilus AWD,Sport utility vehicle: Small,2.0,4,A8,X,11.2,8.1,9.8,29,231,5,7
2024,Lincoln,Nautilus Hybrid AWD,Sport utility vehicle: Small,2.0,4,AV,X,7.9,7.6,7.7,37,180,6,7
2024,Lincoln,Navigator 4WD,Sport utility vehicle: Standard,3.5,6,AS10,X,15.2,10.8,13.2,21,310,4,6
2024,Maserati,Ghibli GT,Mid-size,3.0,6,A8,Z,13.4,9.4,11.6,24,271,4,3
2024,Maserati,Ghibli Modena,Mid-size,3.0,6,A8,Z,13.4,9.4,11.6,24,271,4,3
2024,Maserati,Ghibli Modena AWD,Mid-size,3.0,6,A8,Z,14.1,9.5,12.0,24,284,4,3
2024,Maserati,Ghibli Trofeo,Mid-size,3.8,8,A8,Z,17.4,11.9,14.9,19,348,3,1
2024,Maserati,Granturismo Modena,Subcompact,3.0,6,A8,Z,13.1,8.6,11.1,25,256,5,5
2024,Maserati,Granturismo Trofeo,Subcompact,3.0,6,A8,Z,13.1,8.6,11.1,25,256,5,5
2024,Maserati,Grecale GT,Sport utility vehicle: Small,2.0,4,A8,Z,10.6,8.0,9.4,30,218,5,5
2024,Maserati,Grecale Modena,Sport utility vehicle: Small,2.0,4,A8,Z,10.6,8.0,9.4,30,218,5,5
2024,Maserati,Grecale Trofeo,Sport utility vehicle: Small,3.0,6,A8,Z,13.3,9.5,11.6,24,268,4,5
2024,Maserati,Levante GT,Sport utility vehicle: Standard,3.0,6,A8,Z,15.1,10.9,13.2,21,308,4,3
2024,Maserati,Levante Modena,Sport utility vehicle: Standard,3.0,6,A8,Z,15.1,10.9,13.2,21,308,4,3
2024,Maserati,Levante Modena V8,Sport utility vehicle: Standard,3.8,8,A8,Z,17.4,12.0,15.0,19,349,3,1
2024,Maserati,Levante Trofeo,Sport utility vehicle: Standard,3.8,8,A8,Z,17.4,12.0,15.0,19,349,3,1
2024,Maserati,MC20,Two-seater,3.0,6,AS8,Z,15.4,9.5,12.8,22,295,4,5
2024,Maserati,MC20 Spyder,Two-seater,3.0,6,AS8,Z,15.6,9.4,12.8,22,299,4,5
2024,Maserati,Quattroporte GT,Full-size,3.0,6,A8,Z,14.4,9.3,12.1,23,281,4,3
2024,Maserati,Quattroporte Modena,Full-size,3.0,6,A8,Z,14.4,9.3,12.1,23,281,4,3
2024,Maserati,Quattroporte Modena AWD,Full-size,3.0,6,A8,Z,14.1,9.5,12.0,24,284,4,3
2024,Maserati,Quattroporte Trofeo,Full-size,3.8,8,A8,Z,17.4,11.9,14.9,19,348,3,1
2024,Mazda,CX-30 4WD,Sport utility vehicle: Small,2.5,4,AS6,X,9.0,7.1,8.2,34,192,6,7
2024,Mazda,CX-30 Turbo 4WD,Sport utility vehicle: Small,2.5,4,AS6,X,10.5,7.9,9.3,30,220,5,5
2024,Mazda,CX-5 4WD,Sport utility vehicle: Small,2.5,4,AS6,X,10.2,8.2,9.3,30,216,5,7
2024,Mazda,CX-5 4WD (Cylinder Deactivation),Sport utility vehicle: Small,2.5,4,AS6,X,9.1,7.7,8.5,33,199,6,7
2024,Mazda,CX-5 Turbo 4WD,Sport utility vehicle: Small,2.5,4,AS6,X,10.8,8.7,9.8,29,230,5,5
2024,Mazda,CX-50 4WD,Sport utility vehicle: Small,2.5,4,AS6,X,9.7,7.9,8.9,32,209,5,7
2024,Mazda,CX-50 Turbo 4WD,Sport utility vehicle: Small,2.5,4,AS6,X,10.4,8.2,9.4,30,221,5,5
2024,Mazda,CX-90 4WD,Sport utility vehicle: Standard,3.3,6,AS8,X,9.9,8.4,9.3,30,216,5,6
2024,Mazda,CX-90 4WD (High Power),Sport utility vehicle: Standard,3.3,6,AS8,Z,10.3,8.5,9.5,30,222,5,6
2024,Mazda,Mazda3 4-Door,Compact,2.5,4,AS6,X,8.4,6.3,7.5,38,175,6,7
2024,Mazda,Mazda3 4-Door 4WD,Compact,2.5,4,AS6,X,8.9,6.6,7.9,36,185,6,7
2024,Mazda,Mazda3 4-Door Turbo 4WD,Compact,2.5,4,AS6,X,10.1,7.3,8.8,32,207,5,5
2024,Mazda,Mazda3 5-Door,Mid-size,2.5,4,AS6,X,8.5,6.5,7.6,37,178,6,7
2024,Mazda,Mazda3 5-Door (SIL),Mid-size,2.5,4,M6,X,9.0,6.4,7.8,36,184,6,7
2024,Mazda,Mazda3 5-Door 4WD,Mid-size,2.5,4,AS6,X,9.0,7.1,8.1,35,191,6,7
2024,Mazda,Mazda3 5-Door Turbo 4WD,Mid-size,2.5,4,AS6,X,10.1,7.5,8.9,32,209,5,5
2024,Mazda,MX-5,Two-seater,2.0,4,AS6,Z,9.0,6.7,8.0,35,187,6,3
2024,Mazda,MX-5 (SIL),Two-seater,2.0,4,M6,Z,9.0,7.0,8.1,35,189,6,3
2024,Mercedes-Benz,AMG C 43 4MATIC Sedan,Compact,2.0,4,A9,Z,11.8,8.4,10.3,27,242,5,5
2024,Mercedes-Benz,AMG CLA 35 4MATIC Coupe,Compact,2.0,4,AM8,Z,10.8,8.0,9.6,29,225,5,6
2024,Mercedes-Benz,AMG CLA 45 S 4MATIC Coupe,Compact,2.0,4,AM8,Z,11.9,8.3,10.3,27,242,5,3
2024,Mercedes-Benz,AMG CLE 53 4MATIC+ Coupe,Subcompact,3.0,6,A9,Z,11.7,8.7,10.4,27,243,5,7
2024,Mercedes-Benz,AMG G 63 SUV,Sport utility vehicle: Standard,4.0,8,A9,Z,19.5,15.5,17.7,16,415,1,3
2024,Mercedes-Benz,AMG G 63 4x4 Squared SUV,Sport utility vehicle: Standard,4.0,8,A9,Z,23.5,19.4,21.7,13,508,1,3
2024,Mercedes-Benz,AMG GLA 35 4MATIC Coupe,Station wagon: Small,2.0,4,AM8,Z,11.0,8.6,9.9,29,230,5,6
2024,Mercedes-Benz,AMG GLB 35 4MATIC Coupe,Station wagon: Small,2.0,4,AM8,Z,11.5,9.0,10.4,27,238,5,6
2024,Mercedes-Benz,AMG GLC 43 4MATIC Coupe,Sport utility vehicle: Small,2.0,4,A9,Z,12.7,9.8,11.4,25,269,4,5
2024,Mercedes-Benz,AMG GLC 43 4MATIC+ SUV,Sport utility vehicle: Small,2.0,4,A9,Z,12.6,9.4,11.2,25,263,4,5
2024,Mercedes-Benz,AMG GLE 53 4MATIC+ SUV,Sport utility vehicle: Standard,3.0,6,A9,Z,12.9,10.2,11.7,24,273,4,7
2024,Mercedes-Benz,AMG GLE 53 4MATIC+ Coupe,Sport utility vehicle: Standard,3.0,6,A9,Z,12.8,10.1,11.6,24,273,4,7
2024,Mercedes-Benz,AMG GLE 63 S 4MATIC+ SUV,Sport utility vehicle: Standard,4.0,8,A9,Z,16.6,12.3,14.7,19,343,3,5
2024,Mercedes-Benz,AMG GLE 63 S 4MATIC+ Coupe,Sport utility vehicle: Standard,4.0,8,A9,Z,16.6,12.3,14.7,19,343,3,5
2024,Mercedes-Benz,AMG GLS 63 4MATIC+ SUV,Sport utility vehicle: Standard,4.0,8,A9,Z,16.8,13.2,15.2,19,357,2,5
2024,Mercedes-Benz,AMG GT 53 4MATIC+ ,Compact,3.0,6,A9,Z,12.3,9.8,11.2,25,262,4,6
2024,Mercedes-Benz,AMG GT 55 4MATIC+ Coupe,Subcompact,4.0,8,A9,Z,17.8,11.6,15.0,19,353,3,5
2024,Mercedes-Benz,AMG GT 63 4MATIC+ ,Compact,4.0,8,A9,Z,15.3,11.3,13.5,21,318,3,5
2024,Mercedes-Benz,AMG GT 63 4MATIC+ Coupe,Subcompact,4.0,8,A9,Z,17.8,11.6,15.0,19,353,3,5
2024,Mercedes-Benz,AMG SL 55 4MATIC+ Roadster,Minicompact,4.0,8,A9,Z,17.0,11.3,14.5,19,340,3,5
2024,Mercedes-Benz,AMG SL 63 4MATIC+ Roadster,Minicompact,4.0,8,A9,Z,17.0,11.3,14.5,19,340,3,5
2024,Mercedes-Benz,C 300 4MATIC Sedan,Compact,2.0,4,A9,Z,10.1,7.1,8.8,32,206,5,8
2024,Mercedes-Benz,CLA 250 4MATIC Coupe,Compact,2.0,4,AM8,Z,9.5,6.8,8.3,34,194,6,6
2024,Mercedes-Benz,CLE 300 4MATIC Cabriolet,Subcompact,2.0,4,A9,Z,10.1,7.3,8.9,32,209,5,8
2024,Mercedes-Benz,CLE 300 4MATIC Coupe,Subcompact,2.0,4,A9,Z,9.9,7.0,8.6,33,201,5,8
2024,Mercedes-Benz,E 350 4MATIC Sedan,Mid-size,2.0,4,A9,Z,9.9,7.1,8.6,33,203,5,8
2024,Mercedes-Benz,E 450 4MATIC Sedan,Mid-size,3.0,6,A9,Z,10.8,7.7,9.4,30,221,5,7
2024,Mercedes-Benz,G 550 SUV,Sport utility vehicle: Standard,4.0,8,A9,Z,17.9,14.4,16.3,17,383,2,3
2024,Mercedes-Benz,GLA 250 4MATIC SUV,Sport utility vehicle: Small,2.0,4,AM8,Z,9.7,7.3,8.6,33,202,5,6
2024,Mercedes-Benz,GLB 250 4MATIC SUV,Sport utility vehicle: Small,2.0,4,AM8,Z,9.9,7.4,8.7,32,205,5,6
2024,Mercedes-Benz,GLC 300 4MATIC SUV,Sport utility vehicle: Small,2.0,4,A9,Z,10.0,7.8,9.0,31,212,5,7
2024,Mercedes-Benz,GLC 300 4MATIC Coupe,Sport utility vehicle: Small,2.0,4,A9,Z,10.0,7.8,9.0,31,212,5,7
2024,Mercedes-Benz,GLE 350 4MATIC SUV,Sport utility vehicle: Standard,2.0,4,A9,Z,11.5,8.6,10.2,28,238,5,7
2024,Mercedes-Benz,GLE 450 4MATIC SUV,Sport utility vehicle: Standard,3.0,6,A9,Z,12.1,9.2,10.8,26,252,5,7
2024,Mercedes-Benz,GLE 450 4MATIC Coupe,Sport utility vehicle: Standard,3.0,6,A9,Z,12.2,9.0,10.8,26,252,5,7
2024,Mercedes-Benz,GLS 450 4MATIC SUV,Sport utility vehicle: Standard,3.0,6,A9,Z,12.7,9.6,11.3,25,266,4,7
2024,Mercedes-Benz,GLS 580 4MATIC SUV,Sport utility vehicle: Standard,4.0,8,A9,Z,16.8,11.9,14.6,19,344,3,5
2024,Mercedes-Benz,GLS 600 4MATIC Maybach SUV,Sport utility vehicle: Standard,4.0,8,A9,Z,17.8,12.8,15.6,18,364,2,5
2024,Mercedes-Benz,S 500 4MATIC Sedan,Full-size,3.0,6,A9,Z,11.3,7.7,9.7,29,226,5,7
2024,Mercedes-Benz,S 580 4MATIC Sedan,Full-size,4.0,8,A9,Z,13.0,8.6,11.0,26,260,4,5
2024,Mercedes-Benz,Maybach S 580 4MATIC Sedan,Full-size,4.0,8,A9,Z,13.3,8.9,11.3,25,266,4,5
2024,Mercedes-Benz,Maybach S 680 4MATIC Sedan,Full-size,6.0,12,A9,Z,19.8,11.7,16.1,18,379,2,3
2024,MINI,Cooper 3 Door,Subcompact,1.5,3,AM7,Z,8.2,6.2,7.3,39,170,6,7
2024,MINI,Cooper 3 Door,Subcompact,1.5,3,M6,Z,8.6,6.3,7.5,38,176,6,7
2024,MINI,Cooper 5 Door,Subcompact,1.5,3,AM7,Z,8.2,6.2,7.3,39,170,6,7
2024,MINI,Cooper 5 Door,Subcompact,1.5,3,M6,Z,8.6,6.3,7.5,38,176,6,7
2024,MINI,Cooper Convertible,Minicompact,1.5,3,AM7,Z,8.2,6.2,7.3,39,170,6,7
2024,MINI,Cooper Convertible,Minicompact,1.5,3,M6,Z,8.6,6.3,7.5,38,176,6,7
2024,MINI,Cooper Countryman ALL4,Mid-size,1.5,3,AS8,Z,10.1,7.6,9.0,31,209,5,7
2024,MINI,Cooper S 3 Door,Subcompact,2.0,4,AM7,Z,8.5,6.2,7.5,38,174,6,7
2024,MINI,Cooper S 3 Door,Subcompact,2.0,4,M6,Z,10.2,7.0,8.8,32,205,5,7
2024,MINI,Cooper S 5 Door,Subcompact,2.0,4,AM7,Z,8.5,6.2,7.5,38,174,6,7
2024,MINI,Cooper S 5 Door,Subcompact,2.0,4,M6,Z,10.2,7.0,8.8,32,205,5,7
2024,MINI,Cooper S Convertible,Minicompact,2.0,4,AM7,Z,8.8,6.5,7.8,36,182,6,7
2024,MINI,Cooper S Convertible,Minicompact,2.0,4,M6,Z,10.1,7.1,8.8,32,205,5,7
2024,MINI,Cooper S Countryman ALL4,Mid-size,2.0,4,AS8,Z,10.4,7.5,9.1,31,212,5,7
2024,MINI,John Cooper Works 3 Door,Subcompact,2.0,4,AS8,Z,9.1,6.7,8.0,35,186,6,7
2024,MINI,John Cooper Works 3 Door,Subcompact,2.0,4,M6,Z,10.6,7.4,9.2,31,215,5,7
2024,MINI,John Cooper Works Convertible,Minicompact,2.0,4,AS8,Z,9.6,7.1,8.5,33,197,6,7
2024,MINI,John Cooper Works Countryman ALL4,Mid-size,2.0,4,AS8,Z,10.0,7.8,9.0,31,210,5,3
2024,Mitsubishi,Eclipse Cross 4WD,Sport utility vehicle: Small,1.5,4,AV8,X,9.6,8.9,9.3,30,216,5,5
2024,Mitsubishi,Mirage,Compact,1.2,3,AV,X,6.6,5.6,6.2,46,143,7,5
2024,Mitsubishi,Outlander 4WD,Sport utility vehicle: Small,2.5,4,AV8,X,9.7,7.9,8.9,32,208,5,6
2024,Mitsubishi,RVR,Sport utility vehicle: Small,2.0,4,AV6,X,9.7,7.8,8.9,32,207,5,5
2024,Mitsubishi,RVR 4WD,Sport utility vehicle: Small,2.0,4,AV6,X,10.0,8.1,9.1,31,213,5,5
2024,Mitsubishi,RVR 4WD,Sport utility vehicle: Small,2.4,4,AV6,X,10.3,8.3,9.4,30,218,5,5
2024,Nissan,Altima AWD,Mid-size,2.5,4,AV,X,9.1,6.5,7.9,36,187,6,7
2024,Nissan,Altima AWD SR/Platinum,Mid-size,2.5,4,AV8,X,9.3,6.7,8.1,35,191,6,7
2024,Nissan,Armada 4WD,Sport utility vehicle: Standard,5.6,8,AS7,Z,17.5,12.9,15.4,18,363,2,5
2024,Nissan,Frontier,Pickup truck: Standard,3.8,6,AS9,X,12.5,9.3,11.1,25,260,4,5
2024,Nissan,Frontier 4WD,Pickup truck: Standard,3.8,6,AS9,X,12.8,10.2,11.6,24,273,4,5
2024,Nissan,Frontier 4WD Pro-4X,Pickup truck: Standard,3.8,6,AS9,X,13.1,10.5,11.9,24,281,4,5
2024,Nissan,GT-R,Subcompact,3.8,6,AM6,Z,14.4,10.9,12.8,22,300,4,3
2024,Nissan,Kicks,Mid-size,1.6,4,AV,X,7.7,6.6,7.2,39,169,6,7
2024,Nissan,Murano AWD,Station wagon: Mid-size,3.5,6,AV7,X,12.0,8.5,10.4,27,245,5,5
2024,Nissan,Pathfinder 4WD,Sport utility vehicle: Small,3.5,6,AS9,X,11.7,9.3,10.6,27,248,5,5
2024,Nissan,Pathfinder 4WD Rock Creek,Sport utility vehicle: Standard,3.5,6,AS9,Z,11.9,10.0,11.1,25,260,4,5
2024,Nissan,Rogue,Sport utility vehicle: Small,1.5,3,AV8,X,7.8,6.5,7.2,39,169,6,6
2024,Nissan,Rogue AWD,Sport utility vehicle: Small,1.5,3,AV8,X,8.4,6.7,7.6,37,179,6,6
2024,Nissan,Rogue AWD SL/Platinum,Sport utility vehicle: Small,1.5,3,AV8,X,8.4,6.8,7.7,37,181,6,6
2024,Nissan,Sentra,Mid-size,2,4,AV,X,7.3,5.8,6.6,43,156,7,7
2024,Nissan,Sentra SR,Mid-size,2,4,AV,X,7.4,6.1,6.8,42,161,7,7
2024,Nissan,Sentra,Mid-size,2,4,M6,X,9.4,6.4,8.0,35,189,6,7
2024,Nissan,Sentra SR,Mid-size,2,4,M6,X,9.5,6.7,8.2,34,194,6,7
2024,Nissan,Versa,Compact,1.6,4,AV,X,7.4,5.9,6.7,42,158,7,7
2024,Nissan,Versa,Compact,1.6,4,M5,X,8.6,6.7,7.7,37,181,6,7
2024,Nissan,Z,Two-seater,3,6,AS9,Z,12.3,8.6,10.6,27,250,5,5
2024,Nissan,Z,Two-seater,3,6,M6,Z,13.4,10.0,11.9,24,280,4,5
2024,Nissan,Z NISMO,Two-seater,3,6,AS9,Z,14.1,9.9,12.2,23,287,4,5
2024,Porsche,718 Boxster,Two-seater,2.0,4,AM7,Z,11.0,8.7,10.0,28,233,5,1
2024,Porsche,718 Boxster,Two-seater,2.0,4,M6,Z,12.0,9.5,10.9,26,254,5,1
2024,Porsche,718 Boxster S,Two-seater,2.5,4,AM7,Z,12.2,9.2,10.9,26,255,5,1
2024,Porsche,718 Boxster S,Two-seater,2.5,4,M6,Z,12.5,9.6,11.2,25,263,4,1
2024,Porsche,718 Boxster GTS 4.0,Two-seater,4.0,6,AM7,Z,12.3,9.8,11.1,25,260,4,5
2024,Porsche,718 Boxster GTS 4.0,Two-seater,4.0,6,M6,Z,14.0,10.0,12.2,23,284,4,5
2024,Porsche,718 Cayman,Two-seater,2.0,4,AM7,Z,11.0,8.7,10.0,28,233,5,1
2024,Porsche,718 Cayman,Two-seater,2.0,4,M6,Z,12.0,9.5,10.9,26,254,5,1
2024,Porsche,718 Cayman S,Two-seater,2.5,4,AM7,Z,12.2,9.2,10.9,26,255,5,1
2024,Porsche,718 Cayman S,Two-seater,2.5,4,M6,Z,12.5,9.6,11.2,25,263,4,1
2024,Porsche,718 Cayman GTS 4.0,Two-seater,4.0,6,AM7,Z,12.3,9.8,11.1,25,260,4,5
2024,Porsche,718 Cayman GTS 4.0,Two-seater,4.0,6,M6,Z,14.0,10.0,12.2,23,284,4,5
2024,Porsche,718 GT4 RS,Two-seater,4.0,6,AM7,Z,16.0,12.5,14.4,20,338,3,3
2024,Porsche,911 Carrera,Minicompact,3.0,6,AM8,Z,13.1,9.8,11.6,24,275,4,5
2024,Porsche,911 Carrera 4,Minicompact,3.0,6,AM8,Z,13.1,9.8,11.6,24,275,4,5
2024,Porsche,911 Carrera Cabriolet,Minicompact,3.0,6,AM8,Z,13.1,9.8,11.6,24,275,4,5
2024,Porsche,911 Carrera 4 Cabriolet,Minicompact,3.0,6,AM8,Z,13.1,9.7,11.6,24,275,4,5
2024,Porsche,911 Carrera T,Minicompact,3.0,6,AM8,Z,12.7,9.7,11.4,25,276,4,5
2024,Porsche,911 Carrera T,Minicompact,3.0,6,M7,Z,13.8,9.3,11.8,24,275,4,5
2024,Porsche,911 Carrera S,Minicompact,3.0,6,AM8,Z,12.9,10.2,11.7,24,274,4,5
2024,Porsche,911 Carrera S,Minicompact,3.0,6,M7,Z,12.8,9.4,11.3,25,264,4,5
2024,Porsche,911 Carrera 4S,Minicompact,3.0,6,AM8,Z,13.0,10.2,11.8,24,275,4,5
2024,Porsche,911 Carrera 4S,Minicompact,3.0,6,M7,Z,13.8,9.3,11.8,24,275,4,5
2024,Porsche,911 Carrera S Cabriolet,Minicompact,3.0,6,AM8,Z,12.9,10.2,11.7,24,273,4,5
2024,Porsche,911 Carrera S Cabriolet,Minicompact,3.0,6,M7,Z,13.8,9.4,11.8,24,275,4,5
2024,Porsche,911 Carrera 4S Cabriolet,Minicompact,3.0,6,AM8,Z,12.8,10.2,11.7,24,273,4,5
2024,Porsche,911 Carrera 4S Cabriolet,Minicompact,3.0,6,M7,Z,13.8,9.8,12.0,24,281,4,5
2024,Porsche,911 Carrera GTS,Minicompact,3.0,6,AM8,Z,13.8,10.1,12.1,23,289,4,5
2024,Porsche,911 Carrera GTS,Minicompact,3.0,6,M7,Z,13.5,9.8,11.9,24,276,4,5
2024,Porsche,911 Carrera 4 GTS,Minicompact,3.0,6,AM8,Z,13.8,10.1,12.1,23,288,4,5
2024,Porsche,911 Carrera 4 GTS,Minicompact,3.0,6,M7,Z,13.8,10.2,12.2,23,289,4,5
2024,Porsche,911 Carrera GTS Cabriolet,Minicompact,3.0,6,AM8,Z,13.8,10.2,12.2,23,289,4,5
2024,Porsche,911 Carrera GTS Cabriolet,Minicompact,3.0,6,M7,Z,13.8,9.6,11.9,24,278,4,5
2024,Porsche,911 Carrera 4 GTS Cabriolet,Minicompact,3.0,6,AM8,Z,13.7,10.7,12.3,23,288,4,5
2024,Porsche,911 Carrera 4 GTS Cabriolet,Minicompact,3.0,6,M7,Z,14.7,10.2,12.7,22,296,4,5
2024,Porsche,911 Dakar,Minicompact,3.0,6,AM8,Z,14.7,9.8,12.5,23,293,4,5
2024,Porsche,911 GT3,Two-seater,4.0,6,AM7,Z,16.7,13.0,15.1,19,355,3,3
2024,Porsche,911 GT3,Two-seater,4.0,6,M6,Z,17.5,12.5,15.3,18,356,3,3
2024,Porsche,911 GT3 RS,Two-seater,4.0,6,AM7,Z,16.8,13.0,15.1,19,354,3,3
2024,Porsche,911 GT3 Touring,Two-seater,4.0,6,AM7,Z,16.7,13.0,15.1,19,355,3,3
2024,Porsche,911 GT3 Touring,Two-seater,4.0,6,M6,Z,17.5,12.5,15.3,18,356,3,3
2024,Porsche,911 Targa 4,Minicompact,3.0,6,AM8,Z,13.1,9.8,11.6,24,275,4,5
2024,Porsche,911 Targa 4S,Minicompact,3.0,6,AM8,Z,13.1,10.2,11.8,24,274,4,5
2024,Porsche,911 Targa 4S,Minicompact,3.0,6,M7,Z,13.7,9.8,11.9,24,278,4,5
2024,Porsche,911 Targa 4 GTS,Minicompact,3.0,6,AM8,Z,13.6,10.7,12.3,23,286,4,5
2024,Porsche,911 Targa 4 GTS,Minicompact,3.0,6,M7,Z,14.7,10.2,12.7,22,296,4,5
2024,Porsche,911 Turbo,Minicompact,3.7,6,AM8,Z,16.5,11.4,14.2,20,332,3,5
2024,Porsche,911 Turbo Cabriolet,Minicompact,3.7,6,AM8,Z,16.9,11.5,14.5,19,339,3,5
2024,Porsche,911 Turbo S,Minicompact,3.7,6,AM8,Z,16.6,11.8,14.4,20,345,3,5
2024,Porsche,911 Turbo S Cabriolet,Minicompact,3.7,6,AM8,Z,16.7,11.8,14.5,19,341,3,5
2024,Porsche,Cayenne,Sport utility vehicle: Standard,3.0,6,AS8,Z,13.8,10.2,12.2,23,291,4,5
2024,Porsche,Cayenne Coupe,Sport utility vehicle: Standard,3.0,6,AS8,Z,13.8,10.2,12.2,23,291,4,5
2024,Porsche,Cayenne S,Sport utility vehicle: Standard,4.0,8,AS8,Z,15.3,11.2,13.5,21,324,3,3
2024,Porsche,Cayenne S Coupe,Sport utility vehicle: Standard,4.0,8,AS8,Z,15.7,11.0,13.6,21,324,3,3
2024,Porsche,Cayenne Turbo GT Coupe,Sport utility vehicle: Standard,4.0,8,AS8,Z,15.5,11.8,13.8,20,324,3,3
2024,Porsche,Macan,Sport utility vehicle: Small,2.0,4,AM7,Z,12.4,9.3,11.0,26,263,4,5
2024,Porsche,Macan T,Sport utility vehicle: Small,2.0,4,AM7,Z,12.2,9.6,11.0,26,259,4,5
2024,Porsche,Macan S,Sport utility vehicle: Small,2.9,6,AM7,Z,13.8,10.1,12.2,23,289,4,5
2024,Porsche,Macan GTS,Sport utility vehicle: Small,2.9,6,AM7,Z,13.5,10.7,12.2,23,290,4,5
2024,Ram,1500 eTorque,Pickup truck: Standard,3.6,6,A8,X,11.9,9.4,10.8,26,253,5,7
2024,Ram,1500 eTorque,Pickup truck: Standard,5.7,8,A8,X,13.0,10.0,11.7,24,275,4,5
2024,Ram,1500 4X4 eTorque,Pickup truck: Standard,3.6,6,A8,X,12.1,9.7,11.0,26,259,4,7
2024,Ram,1500 4X4 eTorque,Pickup truck: Standard,5.7,8,A8,X,13.4,10.5,12.1,23,284,4,5
2024,Ram,1500 4X4 TRX,Pickup truck: Standard,6.2,8,A8,Z,22.4,16.5,19.8,14,465,1,1
2024,Rolls-Royce,Cullinan,Station wagon: Mid-size,6.7,12,AS8,Z,20.1,12.4,16.7,17,390,2,3
2024,Rolls-Royce,Cullinan Black Badge,Station wagon: Mid-size,6.7,12,AS8,Z,20.1,12.4,16.7,17,390,2,3
2024,Rolls-Royce,Ghost,Full-size,6.7,12,AS8,Z,19.9,12.7,16.7,17,388,2,3
2024,Rolls-Royce,Ghost Black Badge,Full-size,6.7,12,AS8,Z,19.9,12.7,16.7,17,388,2,3
2024,Rolls-Royce,Ghost Extended,Full-size,6.7,12,AS8,Z,19.9,12.7,16.7,17,388,2,3
2024,Rolls-Royce,Phantom,Full-size,6.7,12,AS8,Z,20.2,13.1,17.0,17,397,2,3
2024,Rolls-Royce,Phantom Extended,Full-size,6.7,12,AS8,Z,20.2,13.1,17.0,17,397,2,3
2024,Subaru,Ascent AWD,Sport utility vehicle: Standard,2.4,4,AV8,X,12.3,9.4,11.0,26,256,5,5
2024,Subaru,BRZ,Minicompact,2.4,4,AS6,Z,11.0,7.7,9.5,30,224,5,3
2024,Subaru,BRZ,Minicompact,2.4,4,M6,Z,12.0,8.8,10.5,27,247,5,3
2024,Subaru,Crosstrek AWD,Sport utility vehicle: Small,2.0,4,AV8,X,8.8,7.1,8.0,35,188,6,7
2024,Subaru,Crosstrek AWD,Sport utility vehicle: Small,2.5,4,AV8,X,8.9,7.2,8.1,35,190,6,7
2024,Subaru,Crosstrek Wilderness AWD,Sport utility vehicle: Small,2.5,4,AV8,X,9.4,8.1,8.8,32,206,5,7
2024,Subaru,Forester AWD,Sport utility vehicle: Small,2.5,4,AV8,X,9.0,7.2,8.2,34,192,6,7
2024,Subaru,Forester Wilderness AWD,Sport utility vehicle: Small,2.5,4,AV8,X,9.5,8.3,9.0,31,210,5,7
2024,Subaru,Impreza AWD,Station wagon: Small,2.0,4,AV8,X,8.8,6.9,8.0,35,185,6,7
2024,Subaru,Impreza AWD,Station wagon: Small,2.5,4,AV8,X,9.0,7.2,8.2,34,190,6,7
2024,Subaru,Legacy AWD,Mid-size,2.4,4,AV8,X,10.1,7.5,9.0,31,209,5,6
2024,Subaru,Outback AWD,Sport utility vehicle: Small,2.4,4,AV8,X,10.6,8.1,9.5,30,221,5,6
2024,Subaru,Outback AWD,Sport utility vehicle: Small,2.5,4,AV8,X,9.2,7.3,8.3,34,195,6,7
2024,Subaru,Outback Wilderness AWD,Sport utility vehicle: Small,2.4,4,AV8,X,11.0,9.0,10.1,28,235,5,6
2024,Subaru,WRX AWD,Mid-size,2.4,4,AV8,Z,12.7,9.4,11.2,25,262,4,3
2024,Subaru,WRX AWD,Mid-size,2.4,4,M6,Z,12.3,9.0,10.8,26,254,5,3
2024,Toyota,4Runner 4WD,Sport utility vehicle: Standard,4.0,6,AS5,X,14.9,12.6,13.8,20,323,3,5
2024,Toyota,4Runner 4WD (Part-Time 4WD),Sport utility vehicle: Standard,4.0,6,AS5,X,14.8,12.5,13.8,20,320,3,5
2024,Toyota,Camry SE,Mid-size,2.5,4,AS8,X,8.5,6.1,7.4,38,174,6,7
2024,Toyota,Camry XSE V6/TRD,Mid-size,3.5,6,AS8,X,10.7,7.4,9.2,31,215,5,5
2024,Toyota,Camry AWD SE,Mid-size,2.5,4,AS8,X,9.4,6.8,8.2,34,192,6,6
2024,Toyota,Camry AWD XSE,Mid-size,2.5,4,AS8,X,9.5,7.0,8.4,34,195,6,6
2024,Toyota,Camry Hybrid LE,Mid-size,2.5,4,AV6,X,4.9,4.8,4.9,58,113,8,7
2024,Toyota,Camry Hybrid SE/XLE/XSE,Mid-size,2.5,4,AV6,X,5.3,5.0,5.1,55,121,8,7
2024,Toyota,Corolla (1-mode),Compact,2.0,4,AV10,X,7.4,5.7,6.7,42,158,7,7
2024,Toyota,Corolla (3-mode),Compact,2.0,4,AV10,X,7.6,5.9,6.8,42,160,7,7
2024,Toyota,Corolla Hatchback,Compact,2.0,4,AV10,X,7.5,5.9,6.8,42,159,7,7
2024,Toyota,Corolla Hybrid,Compact,1.8,4,AV,X,4.4,5.1,4.7,60,110,8,7
2024,Toyota,Corolla Hybrid AWD (2-mode),Compact,1.8,4,AV,X,4.6,5.3,4.9,58,115,8,7
2024,Toyota,Corolla Hybrid AWD (3-mode),Compact,1.8,4,AV,X,5.0,5.7,5.3,53,124,8,7
2024,Toyota,Corolla Cross,Sport utility vehicle: Small,2.0,4,AV10,X,7.6,7.2,7.4,38,172,6,7
2024,Toyota,Corolla Cross AWD,Sport utility vehicle: Small,2.0,4,AV10,X,8.1,7.5,7.8,36,183,6,7
2024,Toyota,Corolla Cross Hybrid AWD,Sport utility vehicle: Small,2.0,4,AV6,X,5.2,6.2,5.6,50,130,8,7
2024,Toyota,Crown AWD,Mid-size,2.4,4,AS6,X,8.1,7.3,7.8,36,182,6,7
2024,Toyota,Crown AWD,Mid-size,2.5,4,AV,X,5.6,5.7,5.7,50,133,7,7
2024,Toyota,GR Corolla,Subcompact,1.6,3,M6,Z,11.1,8.3,9.8,29,229,5,5
2024,Toyota,GR Supra 2.0,Two-seater,2.0,4,AS8,Z,9.3,7.7,8.6,33,200,6,7
2024,Toyota,GR Supra 3.0,Two-seater,3.0,6,AS8,Z,10.2,7.7,9.1,31,212,5,5
2024,Toyota,GR Supra 3.0,Two-seater,3.0,6,M6,Z,12.7,8.8,10.9,26,255,5,5
2024,Toyota,GR86,Minicompact,2.4,4,AS6,Z,11.2,7.8,9.7,29,227,5,3
2024,Toyota,GR86,Minicompact,2.4,4,M6,Z,12.0,8.9,10.6,27,249,5,3
2024,Toyota,Grand Highlander AWD Limited,Sport utility vehicle: Standard,2.4,4,AS8,X,11.6,9.0,10.7,26,249,5,7
2024,Toyota,Grand Highlander AWD XLE,Sport utility vehicle: Standard,2.4,4,AS8,X,11.2,8.6,10.0,28,236,5,7
2024,Toyota,Grand Highlander Hybrid AWD Limited,Sport utility vehicle: Standard,2.5,4,AV6,X,6.6,7.4,7.0,40,161,7,7
2024,Toyota,Grand Highlander Hybrid AWD XLE,Sport utility vehicle: Standard,2.5,4,AV6,X,6.6,7.4,7.0,40,161,7,7
2024,Toyota,Grand Highlander Platinum Hybrid MAX AWD,Sport utility vehicle: Standard,2.4,4,AS6,X,9.0,8.6,8.8,32,206,5,7
2024,Toyota,Highlander AWD,Sport utility vehicle: Small,2.4,4,AS8,X,11.0,8.4,9.9,29,232,5,7
2024,Toyota,Highlander Hybrid AWD,Sport utility vehicle: Standard,2.5,4,AV,X,6.7,6.8,6.7,42,158,7,7
2024,Toyota,Highlander Hybrid AWD Limited/Platinum,Sport utility vehicle: Standard,2.5,4,AV,X,6.6,6.8,6.7,42,156,7,7
2024,Toyota,Land Cruiser,Sport utility vehicle: Standard,2.4,4,AS8,Z,10.7,9.5,10.1,28,236,5,6
2024,Toyota,Prius AWD,Mid-size,2.0,4,AV,X,4.8,4.7,4.8,59,111,8,7
2024,Toyota,RAV4 AWD,Sport utility vehicle: Small,2.5,4,AS8,X,9.5,7.2,8.5,33,199,6,6
2024,Toyota,RAV4 AWD (Stop/Start),Sport utility vehicle: Small,2.5,4,AS8,X,8.8,7.1,8.0,35,187,6,6
2024,Toyota,RAV4 AWD LE,Sport utility vehicle: Small,2.5,4,AS8,X,8.7,6.9,7.9,36,184,6,6
2024,Toyota,RAV4 Hybrid AWD,Sport utility vehicle: Small,2.5,4,AV,X,5.8,6.3,6.0,47,139,7,7
2024,Toyota,RAV4 Hybrid AWD Woodland Edition,Sport utility vehicle: Small,2.5,4,AV,X,6.1,6.8,6.4,44,149,7,7
2024,Toyota,Sequoia 4WD,Sport utility vehicle: Standard,3.4,6,AS10,X,12.6,10.5,11.7,24,273,4,5
2024,Toyota,Sienna,Minivan,2.5,4,AV,X,6.6,6.5,6.6,43,153,7,7
2024,Toyota,Sienna AWD,Minivan,2.5,4,AV,X,6.8,6.6,6.7,42,158,7,7
2024,Toyota,Tacoma 4WD (2-mode),Pickup truck: Small,2.4,4,AS8,X,12.5,9.6,11.2,25,264,4,7
2024,Toyota,Tacoma 4WD (3-mode),Pickup truck: Small,2.4,4,AS8,X,12.4,10.2,11.4,25,269,4,7
2024,Toyota,Tacoma 4WD,Pickup truck: Small,2.4,4,M6,X,13.2,10.3,11.9,24,279,4,5
2024,Toyota,Tacoma Hybrid 4WD,Pickup truck: Standard,2.4,4,AS8,X,10.5,9.9,10.3,27,241,5,7
2024,Toyota,Tacoma Hybrid 4WD Limited,Pickup truck: Standard,2.4,4,AS8,X,10.3,9.7,10.0,28,235,5,7
2024,Toyota,Tundra,Pickup truck: Standard,3.4,6,AS10,X,13.1,10.1,11.7,24,275,4,5
2024,Toyota,Tundra 4WD,Pickup truck: Standard,3.4,6,AS10,X,13.6,10.4,12.2,23,285,4,5
2024,Toyota,Tundra 4WD TRD,Pickup truck: Standard,3.4,6,AS10,X,13.5,10.6,12.2,23,286,4,5
2024,Toyota,Tundra Hybrid 4WD,Pickup truck: Standard,3.4,6,AS10,X,12.7,10.5,11.7,24,274,4,5
2024,Toyota,Tundra Hybrid 4WD TRD PRO,Pickup truck: Standard,3.4,6,AS10,X,12.9,11.6,12.3,23,287,4,5
2024,Toyota,Venza AWD,Sport utility vehicle: Small,2.5,4,AV,X,5.9,6.4,6.1,46,141,7,7
2024,Volkswagen,Atlas 4MOTION Comfortline,Sport utility vehicle: Small,2.0,4,AS8,X,12.2,9.2,10.8,26,253,5,3
2024,Volkswagen,Atlas 4MOTION Highline/Execline,Sport utility vehicle: Small,2.0,4,AS8,X,12.6,9.4,11.2,25,262,4,3
2024,Volkswagen,Atlas 4MOTION Peak Edition,Sport utility vehicle: Small,2.0,4,AS8,X,13.0,9.7,11.5,25,270,4,3
2024,Volkswagen,Atlas Cross Sport 4MOTION,Sport utility vehicle: Small,2.0,4,AS8,X,12.2,9.2,10.8,26,253,5,3
2024,Volkswagen,Golf GTI,Compact,2.0,4,AM7,X,9.9,7.4,8.8,32,204,5,5
2024,Volkswagen,Golf GTI,Compact,2.0,4,M6,X,10.1,7.0,8.7,32,203,5,5
2024,Volkswagen,Golf R,Compact,2.0,4,AM7,Z,10.5,7.7,9.3,30,217,5,5
2024,Volkswagen,Golf R,Compact,2.0,4,M6,Z,11.8,8.3,10.2,28,237,5,5
2024,Volkswagen,Jetta,Compact,1.5,4,AS8,X,7.9,5.7,6.9,41,162,7,7
2024,Volkswagen,Jetta Comfortline/Highline,Compact,1.5,4,AS8,X,8.1,5.9,7.1,40,168,6,7
2024,Volkswagen,Jetta,Compact,1.5,4,M6,X,8.2,5.6,7.0,40,165,7,7
2024,Volkswagen,Jetta GLI,Compact,2.0,4,AM7,X,9.0,6.5,7.9,36,185,6,7
2024,Volkswagen,Jetta GLI,Compact,2.0,4,M6,X,9.8,6.7,8.4,34,198,6,7
2024,Volkswagen,Taos,Sport utility vehicle: Small,1.5,4,AS8,X,8.4,6.5,7.5,38,178,6,7
2024,Volkswagen,Taos 4MOTION,Sport utility vehicle: Small,1.5,4,AM7,X,9.9,7.5,8.8,32,208,5,7
2024,Volkswagen,Tiguan 4MOTION,Sport utility vehicle: Small,2.0,4,AS8,X,10.6,8.0,9.4,30,222,5,7
2024,Volkswagen,Tiguan R-Line 4MOTION,Sport utility vehicle: Small,2.0,4,AS8,X,10.9,8.1,9.7,29,228,5,7
2024,Volvo,S60 B5 AWD,Compact,2.0,4,AS8,Z,9.5,7.1,8.4,34,196,6,5
2024,Volvo,S90 B6 AWD,Mid-size,2.0,4,AS8,Z,10.6,7.6,9.2,31,216,5,7
2024,Volvo,V60 CC B5 AWD,Station wagon: Small,2.0,4,AS8,Z,10.0,7.5,8.9,32,207,5,5
2024,Volvo,V90 CC B6 AWD,Station wagon: Mid-size,2.0,4,AS8,Z,10.7,8.1,9.5,30,223,5,7
2024,Volvo,XC40 B5 AWD,Sport utility vehicle: Small,2.0,4,AS8,Z,9.9,7.8,9.0,31,210,5,5
2024,Volvo,XC60 B5 AWD,Sport utility vehicle: Small,2.0,4,AS8,Z,10.6,8.3,9.6,29,226,5,5
2024,Volvo,XC90 B6 AWD,Sport utility vehicle: Standard,2.0,4,AS8,Z,10.9,8.6,9.8,29,230,5,7
